KEY,en,notes,sp,fr,de,it,pt-br
//body,,,,,,,
MUTATION_BODY_301_DESC,+1 Thorns.,,+1 de espinas.,Épines +1.,+1&nbsp;Dornen.,+1 Spine.,+1 de espinhos.
MUTATION_BODY_309_DESC,Units that contact you get knocked back 2 tiles.,,Las unidades que entren en contacto con esta retroceden 2 casillas.,Les unités qui vous touchent subissent Recul +2.,"Einheiten, die dich berühren, werden 2&nbsp;Felder zurückgestoßen.",Le unità che ti toccano vengono respinte indietro di 2 caselle.,Unidades que entram em contato com você são empurradas 2 espaços para trás.
MUTATION_BODY_312_DESC,Spawn a coin when you take damage.,,Genera una moneda al sufrir daño.,"Quand vous subissez des dégâts, une pièce apparaît.","Lasse eine Münze erscheinen, wenn du Schaden erleidest.",Generi una moneta quando subisci danno.,Gere uma moeda ao sofrer dano.
MUTATION_BODY_313_DESC,+1 Kinetic Spikes.,,+1 de pinchos cinéticos.,Pics cinétiques +1.,+1&nbsp;Kinetiknadeln.,+1 Spuntoni Cinetici.,+1 de espinhos cinéticos.
MUTATION_BODY_314_DESC,+2 Thorns.,,+2 de espinas.,Épines +2.,+2&nbsp;Dornen.,+2 Spine.,+2 de espinhos.
MUTATION_BODY_315_DESC,+1 Brace.,,+1 de refuerzo.,Garde +1.,+1&nbsp;Wappnen.,+1 alla Guardia.,+1 de preparação.
MUTATION_BODY_317_DESC,Immune to Heat Wave weather.,,Inmune a los efectos meteorológicos de las olas de calor.,Immunité aux vagues de chaleur.,Immun gegen Hitzewelle.,Immune alla situazione cliamtica Ondata di Calore.,Imunidade contra tempestades de calor.
MUTATION_BODY_318_DESC,25% chance to spawn a Charmed Fly each turn.,,25 % de probabilidad de generar una mosca embrujada en cada turno.,25&nbsp;% de chances d'invoquer une mouche envoûtée à chaque tour.,"Je Zug 25&nbsp;% Wahrscheinlichkeit, dass eine freundliche Fliege erscheint.",25% di probabilità di generare una Mosca Ammaliata ogni turno.,25% de chance de gerar uma mosca enfeitiçada a cada turno.
MUTATION_BODY_319_DESC,"When you take damage from an attack, gain a random buff.",,"Al sufrir daño de un ataque, obtiene una ventaja al azar.","Quand vous subissez les dégâts d'une attaque, vous bénéficiez d'un bonus aléatoire.","Erhalte eine zufällige Stärkung, wenn du Schaden von einem Angriff erleidest.","Quando subisci danno da un attacco, ottieni un bonus casuale.","Ao sofrer dano de um ataque, obtenha um fortalecimento aleatório."
MUTATION_BODY_321_DESC,Spawn a Charmed Kitten familiar when you get downed.,,Genera un familiar gatito embrujado cuando cae en combate.,"Quand vous êtes mis K.O., un chaton envoûté de compagnie est invoqué.","Lasse einen freundlichen Katzenbegleiter erscheinen, wenn du in Ohnmacht fällst.",Generi un famiglio Gattino Ammaliato quando sei KO.,Gere um filhotinho de gato enfeitiçado ao cair.
MUTATION_BODY_322_DESC,Gain an extra consumable item at the end of each battle.,,Obtiene un objeto consumible extra al final de cada combate.,Vous obtenez un objet consommable bonus à la fin de chaque combat.,Erhalte am Ende jeden Kampfes einen zusätzlichen Gebrauchsgegenstand.,Ottieni un oggetto consumabile aggiuntivo alla fine di ogni battaglia.,Obtenha um item consumível adicional no final de cada batalha.
MUTATION_BODY_323_DESC,"Trample. When damaged, move 1 tile in a random direction.",,"Pisotea. Al sufrir daño, se mueve 1 casilla en una dirección al azar.","Piétinement. Quand vous subissez des dégâts, vous vous déplacez d'1&nbsp;case dans n'importe quelle direction.","Trampel. Wenn du Schaden erleidest, bewegst du dich 1&nbsp;Feld in eine zufällige Richtung.","Calpestamento. Quando subisci danno, ti muovi di 1 casella in una direzione casuale.","Atropelamento. Ao sofrer dano, mova-se 1 espaço em uma direção aleatória."
MUTATION_BODY_324_DESC,Gain +1 range when you get a kill.,,Obtiene +1 de alcance al matar a una unidad.,Portée +1&nbsp;quand vous tuez un ennemi.,"Erhalte +1&nbsp;Reichweite, wenn du etwas tötest.",Ottieni +1 al raggio d'azione quando uccidi qualcuno.,Obtenha +1 de alcance ao realizar uma baixa.
MUTATION_BODY_703_DESC,Start each battle with Bruise 1.,,Empieza cada combate con 1 de moratón.,Vous débutez chaque combat avec Contusion +1.,Beginne jeden Kampf mit Beulen&nbsp;1.,Inizi ogni battaglia con Livido 1.,Inicie cada batalha com contusão 1.
MUTATION_BODY_750_DESC,+1 Thorns. ,,+1 de espinas. ,Épines +1. ,+1&nbsp;Dornen. ,+1 Spine.,+1 de espinhos.
MUTATION_BODY_758_DESC,Start with +1 Bonus Attack.,,Empieza con +1 de bonificación de ataque.,Vous débutez avec Attaque bonus +1.,Beginne jeden Kampf mit +1&nbsp;Bonusangriff.,Inizi con +1 Attacco Bonus.,Inicie com +1 de bônus de ataque.
//ears,,,,,,,
MUTATION_EARS_302_DESC,+1 Health and Mana Regeneration while wet.,,+1 de regeneración de salud y de maná cuando esta unidad está mojada.,"Mouillé, PV +1&nbsp;et Régénération de mana +1.","+1&nbsp;Lebens- und Manaregeneration, während du nass bist.",+1 a Rigenerazione Salute e Mana quando ti bagni.,+1 de regeneração de saúde e mana ao se molhar.
MUTATION_EARS_303_DESC,Adds +1 Knockback to your basic attack if it's melee.,,Añade +1 de retroceso al ataque básico si es cuerpo a cuerpo.,"Si votre attaque de base est au corps à corps, elle bénéficie de Recul +1.","Fügt deinem Grundangriff +1&nbsp;Rückstoß zu, wenn es ein Nahkampfangriff ist.",Aggiunge +1 Contraccolpo al tuo attacco base se è corpo a corpo.,Adiciona +1 de empurrão ao seu ataque básico se ele for do tipo corpo-a-corpo.
MUTATION_EARS_309_DESC,Adds +1 Bleed to your basic attack.,,Añade +1 de hemorragia al ataque básico.,Votre attaque de base bénéficie de Saignement +1.,Fügt deinem Grundangriff +1&nbsp;Blutung zu.,Aggiunge +1 Sanguinamento al tuo attacco base.,Adiciona +1 de sangramento ao seu ataque básico.
MUTATION_EARS_313_DESC,Adds +1 Knockback to your basic attack if it's melee.,,Añade +1 de retroceso al ataque básico si es cuerpo a cuerpo.,"Si votre attaque de base est au corps à corps, elle bénéficie de Recul +1.","Fügt deinem Grundangriff +1&nbsp;Rückstoß zu, wenn es ein Nahkampfangriff ist.",Aggiunge +1 Contraccolpo al tuo attacco base se è corpo a corpo.,Adiciona +1 de empurrão ao seu ataque básico se ele for do tipo corpo-a-corpo.
MUTATION_EARS_314_DESC,Thorns 1. Your basic attack inflicts Bleed if it's melee.,,1 de espinas. El ataque básico inflige hemorragia si es cuerpo a cuerpo.,"Épines 1. Si votre attaque de base est au corps à corps, elle inflige Saignement.","Dornen&nbsp;1. Dein Grundangriff verursacht Blutung, wenn es ein Nahkampfangriff ist.",Spine 1. Il tuo attacco base infligge Sanguinamento se è corpo a corpo.,Espinhos 1. Seu ataque básico aplica sangramento se for do tipo corpo-a-corpo.
MUTATION_EARS_315_DESC,50% chance to spawn a Charmed Fly each turn. Start with Poison 1.,,50 % de probabilidad de generar una mosca embrujada en cada turno. Empieza con 1 de veneno.,50&nbsp;% de chances d'invoquer une mouche envoûtée à chaque tour. Vous débutez avec Poison +1.,"Je Zug 50&nbsp;% Wahrscheinlichkeit, dass eine freundliche Fliege erscheint. Beginne jeden Kampf mit Gift&nbsp;1.",50% di probabilità di generare una Mosca Ammaliata ogni turno. Inizi con Veleno 1.,50% de chance de gerar uma mosca enfeitiçada a cada turno. Inicie com veneno 1.
MUTATION_EARS_316_DESC,You can see hidden things. 5% dodge chance.,,Puede ver cosas ocultas. 5 % de probabilidad de esquiva.,Vous pouvez voir des choses cachées. Chances d'esquive +5&nbsp;%.,Du kannst versteckte Dinge sehen. 5&nbsp;% Ausweichchance.,Puoi vedere oggetti nascosti. 5% di probabilità di schivare.,Você pode ver coisas ocultas. 5% de chance de esquiva.
MUTATION_EARS_317_DESC,"Whenever you down a unit, you have a 10% chance to reanimate that unit with 50% HP.",,"Cuando abate a una unidad, tiene un 10 % de probabilidad de reanimarla con un 50 % de sus PS.","Quand vous tuez une unité, vous avez 10&nbsp;% de chances de la réanimer avec 50&nbsp;% de ses PV.","Immer, wenn eine Einheit durch dich in Ohnmacht fällt, besteht eine 10%ige Wahrscheinlichkeit, dass du diese Einheit mit 50&nbsp;% LP wiederbelebst.","Ogni volta che mandi KO un'unità, hai un 10% di probabilità di rianimarla con il 50% di PS.","Sempre que você derrubar uma unidade, obtenha uma chance de 10% de reanimá-la com 50% de PV."
MUTATION_EARS_318_DESC,You have Brace 1 while wet.,,Tiene 1 de refuerzo cuando esta unidad está mojada.,"Mouillé, vous bénéficiez de Garde +1.","Während du nass bist, erhältst du Wappnen&nbsp;1.",Hai Guardia 1 quando ti bagni.,Você possui preparação 1 ao se molhar.
MUTATION_EARS_319_DESC,Gain +1 Charge when you take damage.,,Obtiene +1 de carga al sufrir daño.,Charge +1&nbsp;quand vous subissez des dégâts.,"Erhalte +1&nbsp;Ladung, wenn du Schaden erleidest.",Ottieni +1 Carica quando subisci danno.,Obtenha +1 de carga ao sofrer dano.
MUTATION_EARS_320_DESC,+1 Kinetic Spikes.,,+1 de pinchos cinéticos.,Pics cinétiques +1.,+1&nbsp;Kinetiknadeln.,+1 Spuntoni Cinetici.,+1 de espinhos cinéticos.
MUTATION_EARS_321_DESC,Units that contact you get knocked back 1 tile.,,Las unidades que entren en contacto con esta retroceden 1 casilla.,Les unités qui vous touchent subissent Recul +1.,"Einheiten, die dich berühren, werden 1&nbsp;Feld zurückgestoßen.",Le unità che ti toccano vengono respinte indietro di 1 casella.,Unidades que entram em contato com você são empurradas 1 espaço para trás.
MUTATION_EARS_323_DESC,Gain 1 HP when your basic attack deals damage.,,Obtiene 1 PS cuando el ataque básico inflige daño.,PV +1&nbsp;quand votre attaque de base inflige des dégâts.,"Erhalte 1&nbsp;LP, wenn dein Grundangriff Schaden verursacht.",Ottieni 1 PS quando il tuo attacco base infligge danno.,Obtenha 1 PV sempre que seu ataque básico causar dano.
MUTATION_EARS_325_DESC,"If you're wet, gain +1 Charge and +1 [img:shield] at the end of your turn.",,"Si esta unidad está mojada, obtiene +1 de carga y +1 [img:shield] al final del turno.","Mouillé, Charge +1&nbsp;et [img:shield] +1&nbsp;à la fin de votre tour.","Wenn du nass bist, erhältst du am Ende deines Zuges +1&nbsp;Ladung und +1&nbsp;[img:shield].","Se ti bagni, ottieni +1 Carica e +1 allo [img:shield] alla fine del tuo turno.","Se você se molhar, obtenha +1 carga e +1 de [img:shield] no final do seu turno."
MUTATION_EARS_326_DESC,5% chance to spawn a Maggot familiar each turn.,,5 % de probabilidad de generar un familiar gusano en cada turno.,5&nbsp;% de chances d'invoquer un asticot de compagnie à chaque tour.,"Je Zug 5&nbsp;% Wahrscheinlichkeit, dass ein freundlicher Madenbegleiter erscheint.",5% di probabilità di generare un famiglio Larva ogni turno.,5% de chance de gerar um familiar verme a cada turno.
MUTATION_EARS_327_DESC,An extra food pickup will spawn in each battle.,,Se generará un recogible de comida extra en cada combate.,De la nourriture bonus apparaît à chaque combat.,In jedem Kampf erscheint ein zusätzlicher Essensgegenstand.,Verrà generato un raccoglibile Cibo aggiuntivo in ogni battaglia.,Um alimento coletável extra é gerado em cada batalha.
MUTATION_EARS_328_DESC,5% chance to Petrify on damage and when hit.,,5 % de probabilidad de provocar petrificación al infligir daño o al recibir un golpe.,5&nbsp;% de chances d'infliger Pétrification quand vous infligez ou subissez des dégâts.,"5%ige Wahrscheinlichkeit zu versteinern, wenn du Schaden verursachst oder erleidest.",5% di probabilità di infliggere Pietrificazione quando infliggi danno o ti colpiscono.,5% de chance de petrificar ao causar ou sofrer dano.
MUTATION_EARS_329_DESC,Your basic attack leaves water tiles.,,El ataque básico deja casillas de agua.,Votre attaque de base crée des cases d'eau.,Dein Grundangriff hinterlässt Wasserfelder.,Il tuo attacco base lascia delle caselle d'acqua.,Seu ataque básico deixa espaços de água.
MUTATION_EARS_330_DESC,Thorns 1. 10% chance to inflict Immobile on units that contact you.,,1 de espinas. 10 % de probabilidad de infligir inmovilización a las unidades que entren en contacto con esta.,Épines +1. 10&nbsp;% de chances d'infliger Immobilisation aux unités qui vous touchent.,"Dornen&nbsp;1. 10%ige Wahrscheinlichkeit, Einheiten, die dich berühren, Unbeweglich zu machen.",Spine 1. 10% di probabilità di infliggere Immobilizzazione alle unità che ti toccano.,Espinhos 1. 10% de chance de aplicar imobilidade em unidades que entrarem em contato com você.
MUTATION_EARS_331_DESC,Your basic attack has +1 Knockback.,,El ataque básico tiene +1 de retroceso.,Votre attaque de base bénéficie de Recul +1.,Dein Grundangriff hat +1&nbsp;Rückstoß.,Il tuo attacco base ha +1 Contraccolpo.,Seu ataque básico possui +1 de empurrão.
MUTATION_EARS_332_DESC,Brace 1.,,1 de refuerzo.,Garde +1.,Wappnen&nbsp;1.,Guardia 1.,Preparação 1.
MUTATION_EARS_334_DESC,Spawn 1-3 more coins/scrap around the map on random tiles at the start of each battle.,,Genera 1-3 monedas/chatarra más en casillas del mapa al azar al inicio de cada combate.,Fait apparaître 1&nbsp;à 3&nbsp;pièces/ferrailles sur des cases aléatoires au début de chaque combat.,Lasse am Anfang jeden Kampfes 1&nbsp;– 3 zusätzliche Münzen/Schrott auf zufälligen Feldern erscheinen.,Generi 1-3 monete/rottami in più in giro per la mappa su caselle casuali all'inizio di ogni battaglia.,Gera 1-3 moedas/sucatas a mais em espaços aleatórios do mapa no início de cada batalha.
MUTATION_EARS_335_DESC,Start with Bleed 1 and a bonus attack.,,Empieza con 1 de hemorragia y una bonificación de ataque.,Vous débutez avec Saignement +1&nbsp;et une attaque bonus.,Beginne jeden Kampf mit Blutung&nbsp;1 und einem Bonusangriff.,Inizi con Sanguinamento 1 e un attacco bonus.,Inicie com sangramento 1 e um ataque bônus.
MUTATION_EARS_336_DESC,You gain 3 mana at the end of your turn if you didn't use your movement action.,,Obtiene 3 de maná al final del turno si no ha usado la acción de movimiento.,Vous confère 3&nbsp;mana à la fin de votre tour si vous n'avez pas utilisé votre action de déplacement.,"Wenn du deine Bewegungsaktion nicht genutzt hast, erhältst du am Ende deines Zuges 3&nbsp;Mana.",Ottieni 3 mana alla fine del tuo turno se non hai usato la tua azione di movimento.,Você obtém 3 de mana no final de seu turno se não utilizar sua ação de movimento.
MUTATION_EARS_337_DESC,Your basic attack inflicts Burn 1.,,El ataque básico inflige 1 de quemadura.,Votre attaque de base inflige Brûlure +1.,Dein Grundangriff verursacht Verbrennung&nbsp;1.,Il tuo attacco base infligge Bruciatura 1.,Seu ataque básico aplica queimadura 1.
MUTATION_EARS_338_DESC,Your basic attack has a 15% chance to inflict Freeze.,,El ataque básico tiene un 15 % de probabilidad de infligir congelación.,Votre attaque de base a 15&nbsp;% de chances d'infliger Gel.,"Dein Grundangriff hat eine 15%ige Wahrscheinlichkeit, Frost zu verursachen.",Il tuo attacco base ha un 15% di probabilità di infliggere Congelamento.,Seu ataque básico possui 15% de chance de aplicar congelamento.
MUTATION_EARS_339_DESC,You have electric immunity.,,Es inmune a la electricidad.,Vous bénéficiez d'Immunité à l'électricité.,Du bist immun gegen Elektrizität.,Hai immunità all'elettricità.,Você possui imunidade elétrica.
MUTATION_EARS_341_DESC,10% chance to backflip when targeted.,,10 % de probabilidad de dar un mortal hacia atrás cuando es objetivo de alguien.,10&nbsp;% de chances d'effectuer un salto arrière quand vous êtes la cible d'une attaque.,"10&nbsp;% Wahrscheinlichkeit, einen Rückwärtssalto auszuführen, wenn ein Gegner auf dich zielt.",10% di probabilità di fare un Salto Mortale all'Indietro quando ti prendono di mira.,10% de chance de realizar um mortal para trás ao entrar na mira de alguém.
MUTATION_EARS_342_DESC,20% chance to spawn a Charmed Flea when damaged.,,20 % de probabilidad de generar una pulga embrujada al sufrir daño.,"Quand vous subissez des dégâts, 20&nbsp;% de chances qu'une puce envoûtée soit invoquée.","20&nbsp;% Wahrscheinlichkeit, dass eine freundliche Fliege erscheint, wenn du Schaden erleidest.",20% di probabilità di generare una Pulce Ammaliata quando subisci danno.,20% de chance de gerar uma pulga enfeitiçada ao sofrer dano.
MUTATION_EARS_343_DESC,Thorns 1.,,1 de espinas.,Épines +1.,Dornen&nbsp;1.,Spine 1.,Espinhos 1.
MUTATION_EARS_344_DESC,Spawn a Charmed Kitten familiar when you get downed.,,Genera un familiar gatito embrujado cuando cae en combate.,"Quand vous êtes mis K.O., un chaton envoûté de compagnie est invoqué.","Lasse einen freundlichen Katzenbegleiter erscheinen, wenn du in Ohnmacht fällst.",Generi un famiglio Gattino Ammaliato quando vai KO.,Gere um filhotinho de gato enfeitiçado ao ficar inconsciente.
MUTATION_EARS_345_DESC,Units that contact or attack you have a 15% chance to get Charmed.,,Las unidades que entren en contacto con esta o la ataquen tienen un 15 % de probabilidad de sufrir embrujo.,Les unités qui vous touchent ou vous attaquent ont 15&nbsp;% de chances de subir Envoûtement.,"Einheiten, die dich berühren oder angreifen, erleiden mit einer 15%igen Wahrscheinlichkeit Charme.",Le unità che ti toccano o ti attaccano hanno il 15% di probabilità di essere Ammaliate.,Unidades que entrarem em contato com você ou lhe atacarem possuem uma chance de 15% de serem enfeitiçadas.
MUTATION_EARS_750_DESC,Your movement action is a jump.,,La acción de movimiento se convierte en un salto.,Votre action de déplacement devient Saut.,Deine Bewegungsaktion wird zu einem Sprung.,La tua azione di movimento è un salto.,Sua ação de movimento é um salto.
MUTATION_EARS_751_DESC,+10% dodge chance.,,+10 % de probabilidad de esquiva.,Chances d'esquive +10&nbsp;%.,+10&nbsp;% Ausweichchance.,+10% di probabilità di schivata.,+10% de chance de esquiva.
MUTATION_EARS_752_DESC,You have +2 Damage while wet.,,Esta unidad tiene +2 de daño cuando está mojada.,"Mouillé, Dégâts +2.","Während du nass bist, erhältst du +2&nbsp;Schaden.",Hai +2 al Danno quando ti bagni.,Você possui +2 de dano ao se molhar.
MUTATION_EARS_753_DESC,+1 Knockback damage. Your basic attack has +1 Knockback.,,+1 de daño de retroceso. El ataque básico tiene +1 de retroceso.,Dégâts de recul +1. Votre attaque de base bénéficie de Recul +1.,+1&nbsp;Rückstoßschaden. Dein Grundangriff hat +1&nbsp;Rückstoß.,+1 al danno da Contraccolpo. Il tuo attacco base ha +1 Contraccolpo.,+1 de dano de empurrão. Seu ataque básico possui +1 de empurrão.
MUTATION_EARS_754_DESC,Electric damage you deal is increased by 1.,,Aumenta en 1 el daño eléctrico que inflige.,Dégâts électriques infligés +1.,"Elektrischer Schaden, den du verursachst, ist um 1 erhöht.",Il danno elettrico che infliggi aumenta di 1.,O dano elétrico causado por você é aumentado em 1.
MUTATION_EARS_755_DESC,Gain +1 Charge every time you cast a spell.,,Obtiene +1 de carga cada vez que lanza un hechizo.,Charge +1&nbsp;chaque fois que vous lancez un sort.,"Erhalte jedes Mal, wenn du einen Zauber wirkst, +1&nbsp;Ladung.",Ottieni +1 Carica ogni volta che lanci un incantesimo.,Ganhe +1 carga toda vez que lançar um encantamento.
MUTATION_EARS_900_DESC,+10% dodge chance.,,+10 % de probabilidad de esquiva.,Chances d'esquive +10&nbsp;%.,+10&nbsp;% Ausweichchance.,+10% di probabilità di schivata.,+10% de chance de esquiva.
MUTATION_EARS_1500_DESC,+2% dodge chance,,+2 % de probabilidad de esquiva.,Chances d'esquive +2&nbsp;%.,+2&nbsp;% Ausweichchance.,+2% di probabilità di schivata.,+2% de chance de esquiva.
MUTATION_EARS_703_DESC,Start each battle with Confusion 2.,,Empieza cada combate con 2 de confusión.,Vous débutez chaque combat avec Confusion +2.,Beginne jeden Kampf mit Verwirrung&nbsp;2.,Inizi ogni battaglia con Confusione 2.,Inicie cada batalha com confusão 2.
MUTATION_EARS_704_DESC,Start each battle with Immobile 1.,,Empieza cada combate con 1 de inmovilización.,Vous débutez chaque combat avec Immobilisation +1.,Beginne jeden Kampf mit Unbeweglich&nbsp;1.,Inizi ogni battaglia con Immobilizzazione 1.,Inicie cada batalha com imobilidade 1.
//eyebrows,,,,,,,
MUTATION_EYEBROWS_301_DESC,You have a 10% chance to inflict Confusion on units who contact or attack you.,,10 % de probabilidad de infligir confusión a las unidades que entren en contacto con esta o la ataquen.,10&nbsp;% de chances d'infliger Confusion aux unités qui vous touchent ou vous attaquent.,"Einheiten, die dich berühren oder angreifen, erleiden mit einer 10%igen Wahrscheinlichkeit Verwirrung.",Hai un 10% di probabilità di infliggere Confusione alle unità che ti toccano o ti attaccano.,10% de chance de aplicar confusão em unidades que entram em contato com você ou lhe atacam.
MUTATION_EYEBROWS_306_DESC,You have a 5% chance to inflict Fear on units who contact or attack you.,,Tiene un 5 % de probabilidad de infligir miedo a las unidades que entren en contacto con esta o la ataquen.,5&nbsp;% de chances d'infliger Peur aux unités qui vous touchent ou vous attaquent.,"Einheiten, die dich berühren oder angreifen, erleiden mit einer 5%igen Wahrscheinlichkeit Angst.",Hai un 5% di probabilità di infliggere Paura alle unità che ti toccano o ti attaccano.,Você possui 5% de chance de aplicar medo em unidades que entram em contato com você ou lhe atacam.
MUTATION_EYEBROWS_307_DESC,+1 Mana Regeneration. +1 Health Regeneration.,,+1 de regeneración de maná. +1 de regeneración de salud.,"Régénération de mana +1, Régénération de PV +1.",+1&nbsp;Manaregeneration. +1&nbsp;Lebensregeneration.,+1 Rigenerazione Mana. +1 Rigenerazione Salute.,+1 de regeneração de mana. +1 de regeneração de saúde.
MUTATION_EYEBROWS_309_DESC,+1 Thorns.,,+1 de espinas.,Épines +1.,+1&nbsp;Dornen.,+1 Spine.,+1 de espinhos.
MUTATION_EYEBROWS_310_DESC,+1 Range.,,+1 de alcance.,Portée +1.,+1&nbsp;Reichweite.,+1 al raggio d'azione.,+1 de alcance.
MUTATION_EYEBROWS_311_DESC,"When you cast your third spell each turn, heal 2.",,Recupera 2 PS al lanzar el tercer hechizo de cada turno.,"Après avoir lancé votre 3e sort chaque tour, vous récupérez 2&nbsp;PV.","Heile dich um 2&nbsp;LP, wenn du deinen dritten Zauber in einem Zug wirkst.","Quando lanci il tuo terzo incantesimo di ogni turno, recuperi 2 PS.",Cure 2 PV ao lançar seu terceiro encantamento em cada turno.
MUTATION_EYEBROWS_313_DESC,Spawn 1-2 extra pickups in each battle.,,Genera 1-2 recogibles extras en cada combate.,Fait apparaître 1&nbsp;à 2&nbsp;ressources bonus à chaque combat.,Lasse in jedem Kampf 1&nbsp;– 2 zusätzliche Gegenstände erscheinen.,Generi 1-2 oggetti aggiuntivi in ogni battaglia.,Gera 1-2 coletáveis adicionais em cada batalha.
MUTATION_EYEBROWS_314_DESC,"When an allied cat dies, gain +2 Damage.",,Obtiene +2 de daño cuando muere un gato aliado.,Dégâts +2&nbsp;quand un chat allié meurt.,"Erhalte +2&nbsp;Schaden, wenn eine verbündete Katze stirbt.","Quando un gatto alleato muore, ottieni +2 al Danno.","Quanto um gato aliado morrer, obtenha +2 de dano."
MUTATION_EYEBROWS_315_DESC,You can reroll your options when you level up.,,Puede cambiar al azar las opciones al subir de nivel.,Vous pouvez tirer de nouvelles options quand vous montez de niveau.,"Du kannst deine Auswahlmöglichkeiten neu generieren, wenn du ein Level aufsteigst.",Puoi modificare le tue opzioni quando sali di livello.,Você pode recombinar suas opções ao subir de nível.
MUTATION_EYEBROWS_900_DESC,+5% dodge chance. Your basic attack has a 1% chance to inflict Freeze.,,+5 % de probabilidad de esquiva. El ataque básico tiene un 1 % de probabilidad de infligir congelación.,Chances d'esquive +5&nbsp;%. Votre attaque de base a 1&nbsp;% de chances d'infliger Gel.,"+5&nbsp;% Ausweichchance. Dein Grundangriff hat eine 1%ige Wahrscheinlichkeit, Frost zu verursachen.",+5% di probabilità di schivata. Il tuo attacco base ha un 1% di probabilità di infliggere Congelamento.,+5% de chance de esquiva. Seu ataque básico possui 1% de chance de aplicar congelamento.
//eyes,,,,,,,
MUTATION_EYES_300_DESC,Your basic attack has a 10% chance to inflict Fear.,,El ataque básico tiene un 10 % de probabilidad de infligir miedo.,Votre attaque de base a +10&nbsp;% de chances d'infliger Peur.,"Dein Grundangriff hat eine 10%ige Wahrscheinlichkeit, Angst zu verursachen.",Il tuo attacco base ha un 10% di probabilità di infliggere Paura.,Seu ataque básico possui 10% de chance de aplicar medo.
MUTATION_EYES_302_DESC,+1 Thorns.,,+1 de espinas.,Épines +1.,+1&nbsp;Dornen.,+1 Spine.,+1 de espinhos.
MUTATION_EYES_304_DESC,Take your turn later.,,Juega su turno más tarde.,Vous jouez votre tour plus tard.,Du bist später am Zug.,Effettui il tuo turno più tardi.,Use seu turno mais tarde.
MUTATION_EYES_306_DESC,Your basic attack has a 10% chance to inflict Confusion 3.,,El ataque básico tiene un 10 % de probabilidad de infligir 3 de confusión.,Votre attaque de base a 10&nbsp;% de chances d'infliger Confusion +3.,"Dein Grundangriff hat eine 10%ige Wahrscheinlichkeit, Verwirrung&nbsp;3 zu verursachen.",Il tuo attacco base ha un 10% di probabilità di infliggere Confusione 3.,Seu ataque básico possui 10% de chance de aplicar confusão 3.
MUTATION_EYES_307_DESC,Gain 1 mana when anything dies.,,Obtiene 1 de maná cuando muere cualquiera.,Mana +1&nbsp;quand quoi que ce soit meurt.,"Erhalte 1&nbsp;Mana, wenn eine Einheit stirbt.",Ottieni 1 mana quando qualcosa muore.,Obtenha 1 de mana quando qualquer coisa morrer.
MUTATION_EYES_308_DESC,+5% dodge chance.,,+5 % de probabilidad de esquiva.,Chances d'esquive +5&nbsp;%.,+5&nbsp;% Ausweichchance.,+5% di probabilità di schivata.,+2% de chance de esquiva.
MUTATION_EYES_309_DESC,+2 corpse health.,,+2 de salud de cadáver.,PV de cadavre +2.,+2&nbsp;Leichenlebenspunkte.,+2 salute cadavere.,+2 de saúde de cadáveres.
MUTATION_EYES_310_DESC,+1 Health Regeneration,,+1 de regeneración de salud.,Régénération de PV +1.,+1&nbsp;Lebensregeneration.,+1 Rigenerazione Salute.,+1 de regeneração de saúde.
MUTATION_EYES_311_DESC,You do not take extra damage from backstabs.,,Los ataques por la espalda no le infligen daño extra.,Vous ne subissez plus les dégâts bonus des attaques sournoises.,Du erleidest keinen zusätzlichen Schaden von Angriffen von hinten.,Non subisci danno aggiuntivo dai colpi alle spalle.,Você não sofre dano adicional de punhaladas.
MUTATION_EYES_312_DESC,+1 Brace.,,+1 de refuerzo.,Garde +1.,+1&nbsp;Wappnen.,+1 alla Guardia.,+1 de preparação.
MUTATION_EYES_314_DESC,"When you are downed, spawn 3 Flies. +2 corpse health.",,"Cuando esta unidad está abatida, genera 3 moscas. +2 de salud de cadáver.","K.O., 3&nbsp;mouches sont invoquées. PV de cadavre +2.","Lasse 3&nbsp;Fliegen erscheinen, wenn du in Ohnmacht fällst. +2&nbsp;Leichenlebenspunkte.","Quando sei a terra, generi 3 Mosche. +2 salute cadavere.","Ao ficar inconsciente, gere 3 moscas. +2 de saúde de cadáveres."
MUTATION_EYES_315_DESC,+1 Kinetic Spikes.,,+1 de pinchos cinéticos.,Pics cinétiques +1.,+1&nbsp;Kinetiknadeln.,+1 Spuntoni Cinetici.,+1 de espinhos cinéticos.
MUTATION_EYES_316_DESC,15% chance to counter attack with Chain Lightning when you get hit.,,15 % de probabilidad de contratacar con relámpagos encadenados al recibir un golpe.,"Touché, vous avez 15&nbsp;% de chances de contre-attaquer avec Éclair en chaîne.","15%ige Wahrscheinlichkeit, einen Konter mit einem Kettenblitz auszulösen, wenn du getroffen wirst.",15% di probabilità di contrattaccare con Catena di Fulmini quando subisci un colpo.,15% de contra-atacar com eletricidade encadeada ao sofrer golpes.
MUTATION_EYES_317_DESC,Gain a random stat up at the end of each turn.,,Obtiene un aumento de un atributo al azar al final de cada turno.,#ERROR!,Erhalte am Anfang jeden Zuges einen Bonus auf ein zufälliges Attribut.,Alla fine di ogni turno ottieni un aumento casuale di una statistica.,Obtenha um atributo aleatório aumentado no final de cada turno.
MUTATION_EYES_318_DESC,You can see hidden things. +1 Knockback damage.,,Puede ver cosas ocultas. +1 de daño de retroceso.,Vous pouvez voir des choses cachées. Dégâts de recul +1.,Du kannst versteckte Dinge sehen. +1&nbsp;Rückstoßschaden.,Puoi vedere cose nascoste. +1 al danno da Contraccolpo.,Você pode ver coisas ocultas. +1 de dano de empurrão.
MUTATION_EYES_319_DESC,Blind. +1 Damage. +1 Thorns.,,Sufre ceguera. +1 de daño. +1 de espinas.,Cécité. Dégâts +1. Épines +1.,Blindheit. +1&nbsp;Schaden. +1&nbsp;Dornen.,Accecamento. +1 al Danno. +1 Spine.,Cegueira. +1 de dano. +1 de espinhos.
MUTATION_EYES_324_DESC,Spawn 2 extra coins each battle.,,Genera 2 monedas extras en cada combate.,2&nbsp;pièces bonus apparaissent à chaque combat.,Lasse in jedem Kampf 2&nbsp;zusätzliche Münzen erscheinen.,Generi 2 monete aggiuntive in ogni battaglia.,Gera 2 moedas adicionais a cada batalha.
MUTATION_EYES_325_DESC,Thorns 1.,,1 de espinas.,Épines +1.,Dornen&nbsp;1.,Spine 1.,Espinhos 1.
MUTATION_EYES_326_DESC,Gain 2 Charge each time you cast 4 spells.,,Obtiene 2 de carga cada vez que lanza 4 hechizos.,"Chaque fois que vous lancez 4&nbsp;sorts, vous gagnez Charge +2.","Erhalte jedes Mal, wenn du 4&nbsp;Zauber wirkst, 2&nbsp;Ladung.",Ottieni 2 Carica ogni volta che lanci 4 incantesimi.,Obtenha 2 cargas toda vez que lançar 4 encantamentos.
MUTATION_EYES_328_DESC,+10% crit chance.,,+10 % de probabilidad de crítico.,Chances de coup critique +10&nbsp;%.,+10&nbsp;% kritische Trefferchance.,+10% di probabilità di colpo critico.,+10% de chance de crítico.
MUTATION_EYES_329_DESC,Your basic attack has a 15% chance to inflict Confusion.,,El ataque básico tiene un 15 % de probabilidad de infligir confusión.,Votre attaque de base a 15&nbsp;% de chances d'infliger Confusion.,"Dein Grundangriff hat eine 15%ige Wahrscheinlichkeit, Verwirrung zu verursachen.",Il tuo attacco base ha una probabilità del 15% di infliggere Confusione.,Seu ataque básico possui 15% de chance de aplicar confusão.
MUTATION_EYES_331_DESC,"At the start of each battle, gain a random temporary pill if your trinket slot is empty.",,"Al inicio de cada combate, obtiene una pastilla temporal al azar si su espacio de baratija está vacío.","Au début de chaque combat, vous obtenez temporairement une pilule aléatoire si votre emplacement de babiole est vide.","Wenn du kein Zubehör ausgerüstet hast, erhältst du am Anfang jeden Kampfes vorübergehend eine zufällige Pille.","All'inizio di ogni battaglia, ottieni una pillola temporanea casuale se il tuo slot per i ciondoli è vuoto.","No início de cada batalha, obtenha uma pílula temporária aleatória se seu espaço de penduricalhos estiver vazio."
MUTATION_EYES_332_DESC,Start each battle Bleeding. Gain 1 Charge each time you take damage.,,Empieza cada combate con hemorragia. Obtiene 1 de carga cada vez que sufre daño.,Vous débutez chaque combat avec Saignement. Charge +1&nbsp;chaque fois que vous subissez des dégâts.,"Beginne jeden Kampf mit Blutung. Erhalte jedes Mal, wenn du Schaden erleidest, +1&nbsp;Ladung.",Inizi ogni battaglia con Sanguinamento. Ottieni 1 Carica ogni volta che subisci danno.,Inicie cada batalha com sangramento. Obtenha 1 carga a cada vez que sofrer dano.
MUTATION_EYES_333_DESC,Your basic attack can't miss.,,El ataque básico no puede fallar.,Votre attaque de base ne peut pas échouer.,Dein Grundangriff kann nicht verfehlen.,Il tuo attacco base non può mancare il bersaglio.,Seu ataque básico não pode errar.
MUTATION_EYES_334_DESC,Blind. Spawn a Flea when you take damage. ,,Sufre ceguera. Genera una pulga al sufrir daño. ,Cécité. Une puce apparaît quand vous subissez des dégâts. ,"Blindheit. Lasse einen Floh erscheinen, wenn du Schaden erleidest. ",Accecamento. Generi una Pulce quando subisci danno.,Cegueira. Gere uma pulga ao sofrer dano.
MUTATION_EYES_335_DESC,Your basic attack has a 10% chance to Charm.,,El ataque básico tiene un 10 % de probabilidad de embrujar.,Votre attaque de base a 10&nbsp;% de chances d'infliger Envoûtement.,"Dein Grundangriff hat eine 10%ige Wahrscheinlichkeit, Charme zu verursachen.",Il tuo attacco base ha un 10% di probabilità di infliggere Fascino.,Seu ataque básico possui 15% de chance de aplicar feitiço.
MUTATION_EYES_336_DESC,Your basic attack is electric element and has a 5% chance to stun.,,El ataque básico es de elemento eléctrico y tiene un 5 % de probabilidad de aturdir.,Votre attaque de base est électrique et a +5&nbsp;% de chances d'infliger Étourdissement.,"Dein Grundangriff ist elektrisch und hat eine 5%ige Wahrscheinlichkeit, Betäubung zu verursachen.",Il tuo attacco base è di elemento elettrico e ha un 5% di probabilità di infliggere Stordimento.,Seu ataque básico é do elemento elétrico e possui 5% de chance de aplicar atordoamento.
MUTATION_EYES_337_DESC,Your basic attack is ice element and inflicts Slow.,,El ataque básico es de elemento de hielo e inflige ralentización.,Votre attaque de base est de glace et inflige Lenteur.,Dein Grundangriff wird zum Typ Eis und verursacht Verlangsamung.,Il tuo attacco base è di elemento ghiaccio e infligge Rallentamento.,Seu ataque básico é do elemento gelo e aplica lentidão.
MUTATION_EYES_338_DESC,Your basic attack inflicts Burn.,,El ataque básico inflige quemadura.,Votre attaque de base inflige Brûlure.,Dein Grundangriff verursacht Verbrennung.,Il tuo attacco base infligge Bruciatura.,Seu ataque básico aplica queimadura.
MUTATION_EYES_339_DESC,+1 Health Regeneration while wet. Your basic attack is water element.,,+1 de regeneración de salud cuando esta unidad está mojada. El ataque básico es de elemento de agua.,"Mouillé, Régénération de PV +1. Votre attaque de base devient une attaque d'eau.","+1&nbsp;Lebensregeneration, während du nass bist. Dein Grundangriff wird zum Typ Wasser.",+1 a Rigenerazione Salute quando ti bagni. Il tuo attacco base è di elemento acqua.,+1 de regeneração de saúde ao se molhar. Seu ataque básico é do elemento água.
MUTATION_EYES_340_DESC,Your basic attack inflicts Leech.,,El ataque básico inflige sanguijuela.,Votre attaque de base inflige Sangsue.,Dein Grundangriff verursacht Blutegel.,Il tuo attacco base infligge Sanguisuga.,Seu ataque básico aplica sanguessuga.
MUTATION_EYES_341_DESC,Gain Charge 1 the first time you move each turn.,,Obtiene 1 de carga la primera vez que se mueve en cada turno.,Charge +1&nbsp;la première fois que vous vous déplacez chaque tour.,"Erhalte das erste Mal, wenn du dich in einem Zug bewegst, Ladung&nbsp;1.",Ottieni Carica 1 la prima volta che ti muovi in ​​ogni turno.,Obtenha 1 carga após se mover pela primeira vez em cada turno.
MUTATION_EYES_342_DESC,Your basic attack inflicts Poison 1. Start each battle Poisoned.,,El ataque básico inflige 1 de veneno. Empieza cada combate con veneno.,Votre attaque de base inflige Poison +1. Vous débutez chaque combat en subissant Poison.,Dein Grundangriff verursacht Gift&nbsp;1. Beginne jeden Kampf mit Gift.,Il tuo attacco base infligge Veleno 1. Inizia ogni battaglia con Avvelenamento.,Seu ataque básico aplica veneno 1. Inicie cada batalha com envenenamento.
MUTATION_EYES_343_DESC,You have a 5% chance to inflict Fear on units who contact or attack you.,,Tiene un 5 % de probabilidad de infligir miedo a las unidades que entren en contacto con esta o la ataquen.,5&nbsp;% de chances d'infliger Peur aux unités qui vous touchent ou vous attaquent.,"Einheiten, die dich berühren oder angreifen, erleiden mit einer 5%igen Wahrscheinlichkeit Angst.",Hai un 5% di probabilità di infliggere Paura alle unità che ti toccano o ti attaccano.,Você possui 5% de chance de aplicar medo em unidades que entrarem em contato com você ou lhe atacarem.
MUTATION_EYES_344_DESC,You have a 10% chance to Blind units who contact or attack you.,,Tiene un 10 % de probabilidad de infligir ceguera a las unidades que entren en contacto con esta o la ataquen.,10&nbsp;% de chances d'infliger Cécité aux unités qui vous touchent ou vous attaquent.,"Einheiten, die dich berühren oder angreifen, erleiden mit einer 10%igen Chance Blindheit.",Hai un 10% di probabilità di infliggere Accecamento alle unità che ti toccano o ti attaccano.,Você possui 5% de chance de aplicar cegueira em unidades que entrarem em contato com você ou lhe atacarem.
MUTATION_EYES_345_DESC,Inflict a random debuff on units who contact you.,,Inflige una desventaja al azar a las unidades que entren en contacto con esta.,Inflige un malus aléatoire aux unités qui vous touchent.,"Einheiten, die dich berühren oder angreifen, erleiden eine zufällige Schwächung.",Infliggi un malus casuale alle unità che ti toccano.,Aplique um enfraquecimento aleatório em unidades que entrarem em contato com você.
MUTATION_EYES_346_DESC,Spawn a rock when damaged. ,,Genera una roca al sufrir daño. ,"Quand vous subissez des dégâts, un caillou apparaît. ","Lasse einen Stein erscheinen, wenn du Schaden erleidest. ",Generi una roccia quando subisci danno.,Gere uma pedra ao sofrer dano.
MUTATION_EYES_347_DESC,Your basic attack has a 15% chance to inflict Confusion 2.,,El ataque básico tiene un 15 % de probabilidad de infligir 2 de confusión.,Votre attaque de base a 15&nbsp;% de chances d'infliger Confusion +2.,"Dein Grundangriff hat eine 15%ige Wahrscheinlichkeit, Verwirrung&nbsp;2 zu verursachen.",Il tuo attacco base ha un 15% di probabilità di infliggere Confusione 2.,Seu ataque básico possui 15% de chance de aplicar confusão 2.
MUTATION_EYES_348_DESC,"+1 range, +1 reach.",,"+1 de alcance, +1 de extensión.","Portée +1, Allonge +1.",+1 Reichweite für Nah- und Fernkampfangriffe.,"+1 al raggio d'azione, +1 alla portata.",+1 de alcance. +1 de envergadura.
MUTATION_EYES_349_DESC,Emit 4 Sparkles each time you cast 8 spells.,,Emite 4 destellos cada vez que lanza 8 hechizos.,"Chaque fois que vous lancez 8&nbsp;sorts, vous émettez 4&nbsp;étincelles.","Versprühe jedes Mal, wenn du 8&nbsp;Zauber wirkst, 4&nbsp;Funken.",Emetti 4 Scintille ogni volta che lanci 8 incantesimi.,Emite 4 fagulhas a cada vez que você lança 8 encantamentos.
MUTATION_EYES_351_DESC,Your bonus ability is a different random spell each battle.,,La habilidad de bonificación es un hechizo al azar en cada combate.,Votre compétence bonus est un sort aléatoire différent à chaque combat.,Deine Bonusfähigkeit ist in jedem Kampf ein anderer zufälliger Zauber.,La tua abilità bonus è un incantesimo casuale diverso in ogni battaglia.,Sua habilidade bônus é um encantamento aleatório diferente a cada batalha.
MUTATION_EYES_352_DESC,You have All Stats Up while Bleeding.,,Tiene aumento total cuando tiene hemorragia.,Vous bénéficiez de Hausse de stats quand vous subissez Saignement.,"Während du blutest, hast du einen Bonus auf alle Attribute.",Hai Aumento delle Statistiche mentre subisci Sanguinamento.,Você obtém todos os atributos aumentados enquanto estiver sofrendo sangramento.
MUTATION_EYES_353_DESC,You take no extra damage from backstabs.,,Los ataques por la espalda no le infligen daño extra.,Vous ne subissez pas les dégâts bonus des attaques sournoises.,Du erleidest keinen zusätzlichen Schaden von Angriffen von hinten.,Non subisci danno aggiuntivo dai colpi alle spalle.,Você não sofre dano adicional de punhaladas.
MUTATION_EYES_442_DESC,10% chance to reflect projectiles.,,10 % de probabilidad de devolver proyectiles.,Chances de renvoyer les projectiles +10&nbsp;%.,"10%ige Wahrscheinlichkeit, Geschosse zu reflektieren.",10% di probabilità di riflettere i proiettili.,10% de chance de refletir projéteis.
MUTATION_EYES_900_DESC,Your basic attack has a 10% chance to inflict Slow.,,El ataque básico tiene un 10 % de probabilidad de infligir ralentización.,Votre attaque de base a 10&nbsp;% de chances d'infliger Lenteur.,"Dein Grundangriff hat eine 10%ige Wahrscheinlichkeit, Verlangsamung zu verursachen.",Il tuo attacco base ha un 10% di probabilità di infliggere Rallentamento.,Seu ataque básico possui 15% de chance de aplicar lentidão.
MUTATION_EYES_M2_DESC,Blind.,,Sufre ceguera.,Cécité.,Blindheit.,Accecamento.,Cegueira.
MUTATION_EYES_704_DESC,10% miss chance.,,10 % de probabilidad de fallo.,Risques d'échec +10&nbsp;%.,"10%ige Wahrscheinlichkeit, dass Angriffe verfehlen.",10% di probabilità di mancare il bersaglio.,10% de chance de errar.
MUTATION_EYES_705_DESC,Gain 5% miss chance every turn.,,Recibe un 5 % de probabilidad de fallo en cada turno.,Risques d'échec +5&nbsp;% chaque tour.,"Erhalte mit jedem Zug 5&nbsp;% Wahrscheinlichkeit, dass Angriffe verfehlen.",Ottieni un 5% di probabilità di mancare il bersaglio ogni turno.,Obtenha 5% de chance de errar a cada turno.
MUTATION_EYES_706_DESC,Start each battle with Confusion 2.,,Empieza cada combate con 2 de confusión.,Vous débutez chaque combat avec Confusion +2.,Beginne jeden Kampf mit Verwirrung&nbsp;2.,Inizi ogni battaglia con Confusione 2.,Inicie cada batalha com confusão 2.
MUTATION_EYES_1029_DESC,+5% crit chance.,,+5 % de probabilidad de crítico.,Chances de coup critique +5&nbsp;%.,+5&nbsp;% kritische Trefferchance.,+5% di probabilità di colpo critico.,+5% de chance de crítico.
MUTATION_EYES_313_DESC,Your basic attack creates water tiles.,,El ataque básico crea casillas de agua.,Votre attaque de base crée des cases d'eau.,Dein Grundangriff erschafft Wasserfelder.,Il tuo attacco base crea caselle d'acqua.,Seu ataque básico cria espaços de água.
MUTATION_EYES_754_DESC,+1 range. Your basic attack is gravity element.,,+1 de alcance. El ataque básico es de elemento de gravedad.,Portée +1. Votre attaque de base devient une attaque de gravité.,+1&nbsp;Reichweite. Dein Grundangriff wird zum Typ Gravitation.,+1 al raggio d'azione. Il tuo attacco base è l'elemento gravità.,+1 de alcance. Seu ataque básico é do elemento gravidade.
MUTATION_EYES_755_DESC,Your basic attack has a 15% chance to inflict Fear.,,El ataque básico tiene un 15 % de probabilidad de infligir miedo.,Votre attaque de base a +15&nbsp;% de chances d'infliger Peur.,"Dein Grundangriff hat eine 15%ige Wahrscheinlichkeit, Angst zu verursachen.",Il tuo attacco base ha un 15% di probabilità di infliggere Paura.,Seu ataque básico possui 15% de chance de aplicar medo.
//head,,,,,,,
MUTATION_HEAD_303_DESC,+1 Thorns.,,+1 de espinas.,Épines +1.,+1&nbsp;Dornen.,+1 Spine.,+1 de espinhos.
MUTATION_HEAD_304_DESC,+2 Health Regeneration +5% dodge chance.,,+2 de regeneración de salud. +5 % de probabilidad de esquiva.,Régénération de PV +2. Chances d'esquive +5&nbsp;%.,+2&nbsp;Lebensregeneration +5&nbsp;% Ausweichchance.,+2 Rigenerazione Salute. +5% di probabilità di schivata.,+2 de regeneração de saúde. +5% de chance de esquiva.
MUTATION_HEAD_307_DESC,Units that contact you get knocked back 1 tile.,,Las unidades que entren en contacto con esta retroceden 1 casilla.,Les unités qui vous touchent subissent Recul +1.,"Einheiten, die dich berühren, werden 1&nbsp;Feld zurückgestoßen.",Le unità che ti toccano vengono respinte di 1 casella.,Unidades que entrarem em contato com você são empurradas 1 espaço para trás.
MUTATION_HEAD_308_DESC,+1 movement range while wet. Water does not slow movement.,,+1 de alcance del movimiento cuando esta unidad está mojada. El agua no ralentiza el movimiento.,"Mouillé, Portée de déplacement +1. L'eau ne ralentit plus les déplacements.","+1&nbsp;Bewegungsreichweite, während du nass bist. Wasser verlangsamt dich nicht.",1 al raggio di movimento quando ti bagni. L'acqua non rallenta il tuo movimento.,+1 de alcance de movimento ao se molhar. A água não diminui a velocidade do movimento.
MUTATION_HEAD_311_DESC,Spawn a coin when you take damage.,,Genera una moneda al sufrir daño.,"Quand vous subissez des dégâts, une pièce apparaît.","Lasse eine Münze erscheinen, wenn du Schaden erleidest.",Generi una moneta quando subisci danno.,Gere uma moeda ao sofrer dano.
MUTATION_HEAD_312_DESC,Your basic attack pulls units towards you.,,El ataque básico atrae a las unidades.,Votre attaque de base attire les unités vers vous.,Dein Grundangriff zieht Einheiten an dich heran.,Il tuo attacco base attira le unità verso di te.,Seu ataque básico puxa unidades na sua direção.
MUTATION_HEAD_313_DESC,Poop when you take damage.,,Hace caca al sufrir daño.,Vous chiez quand vous subissez des dégâts.,"Lege ein Häufchen, wenn du Schaden erleidest.",Fai la cacca quando subisci danno.,Faça cocô ao sofrer dano.
MUTATION_HEAD_314_DESC,Gain +1 [img:int] at the end of each turn.,,Obtiene +1 [img:int] al final de cada turno.,[img:int] +1&nbsp;à la fin de chaque tour.,Erhalte am Ende jeden Zuges +1&nbsp;[img:int].,Ottieni +1 all'[img:int] alla fine di ogni turno.,Obtenha +1 de [img:int] no final de cada turno.
MUTATION_HEAD_315_DESC,"At the start of each battle, swap your highest and lowest stats.",,"Al inicio de cada combate, intercambia el atributo más alto con el más bajo.","À la fin de chaque combat, vos stats les plus hautes et les plus basses sont interverties.",Tausche am Anfang jeden Kampfes dein höchstes mit deinem niedrigsten Attribut.,"All'inizio di ogni battaglia, scambi la tua statistica più alta con la più bassa.","No início de cada batalha, inverta seu maior atributo com o menor."
MUTATION_HEAD_316_DESC,"When you take damage from an attack, gain a random buff.",,"Al sufrir daño de un ataque, obtiene una ventaja al azar.","Quand vous subissez les dégâts d'une attaque, vous bénéficiez d'un bonus aléatoire.","Erhalte eine zufällige Stärkung, wenn du Schaden von einem Angriff erleidest.","Quando subisci danni da un attacco, ottieni un bonus casuale.","Ao sofrer dano de um ataque, obtenha um fortalecimento aleatório."
MUTATION_HEAD_317_DESC,+5% dodge chance.,,+5 % de probabilidad de esquiva.,Chances d'esquive +5&nbsp;%.,+5&nbsp;% Ausweichchance.,+5% di probabilità di schivata.,+5% de chance de esquiva.
MUTATION_HEAD_318_DESC,+1 range.,,+1 de alcance.,Portée +1.,+1&nbsp;Reichweite.,+1 al raggio d'azione.,+1 de alcance.
MUTATION_HEAD_319_DESC,Gain +1 [img:int] permanently at the end of each battle. Start each battle with Bruise 2.,,Obtiene +1 [img:int] para siempre al final de cada combate. Empieza cada combate con 2 de moratón.,[img:int] +1&nbsp;de façon permanente à la fin de chaque combat. Vous débutez chaque combat avec Contusion +2.,Erhalte am Anfang jeden Kampfes dauerhaft +1&nbsp;[img:int]. Beginne jeden Kampf mit Beulen&nbsp;2.,Ottieni +1 all'[img:int] permanentemente alla fine di ogni battaglia. Inizi ogni battaglia con Livido 2.,Obtenha +1 de [img:int] permanentemente no início de cada batalha. Inicie cada batalha com contusão 2.
MUTATION_HEAD_320_DESC,Your basic attack has +2 Knockback.,,El ataque básico tiene +2 de retroceso.,Votre attaque de base bénéficie de Recul +2.,Dein Grundangriff hat +2&nbsp;Rückstoß.,Il tuo attacco base ha +2 Contraccolpo.,Seu ataque básico possui +2 de empurrão.
MUTATION_HEAD_321_DESC,You have a 5% chance to inflict Fear on units who contact or attack you.,,Tiene un 5 % de probabilidad de infligir miedo a las unidades que entren en contacto con esta o la ataquen.,5&nbsp;% de chances d'infliger Peur aux unités qui vous touchent ou vous attaquent.,"Einheiten, die dich berühren oder angreifen, erleiden mit einer 5%igen Wahrscheinlichkeit Angst.",Hai un 5% di probabilità di infliggere Paura alle unità che ti toccano o ti attaccano.,Você possui 5% de chance de aplicar medo em unidades que entrarem em contato com você ou lhe atacarem.
MUTATION_HEAD_703_DESC,Attacks against your face count as backstabs.,,Los ataques que recibe de frente cuentan como ataques por la espalda.,Les attaques dont vous êtes la cible prennent la forme d'attaques sournoises.,Angriffe von vorn gegen dich zählen als Angriffe von hinten.,Gli attacchi contro il tuo volto contano come colpi alle spalle.,Ataques realizados de frente para você contam como punhaladas.
MUTATION_HEAD_704_DESC,"20% miss chance.
Your spells cost 1 less mana.",,"20 % de probabilidad de fallo.
Sus hechizos cuestan 1 menos de maná.","Risques d'échec +20&nbsp;%.
Vos sorts coûtent -1&nbsp;mana.","20&nbsp;% Wahrscheinlichkeit, dass deine Angriffe verfehlen.
Deine Zauber kosten 1&nbsp;Mana weniger.","20% di probabilità di mancare il bersaglio.
I tuoi incantesimi costano 1 mana in meno.","20% de chance de errar.
Seus encantamentos custam 1 a menos de mana."
MUTATION_HEAD_706_DESC,Brace 1.,,1 de refuerzo.,Garde +1.,Wappnen&nbsp;1.,Guardia 1,Preparação 1.
MUTATION_HEAD_900_DESC,+1 range. +1 reach.,,+1 de alcance. +1 de extensión.,"Portée +1, Allonge +1.",+1 Reichweite für Nah- und Fernkampfangriffe.,+1 al raggio d'azione. +1 alla portata.,+1 de alcance. +1 de envergadura.
MUTATION_HEAD_750_DESC,+1 Thorns.,,+1 de espinas.,Épines +1.,+1&nbsp;Dornen.,+1 Spine.,+1 de espinhos.
MUTATION_HEAD_753_DESC,You are immune to ice.,,Es inmune al hielo.,Immunité à la glace.,Du bist immun gegen Eis.,Sei immune al ghiaccio.,Você é imune a gelo.
MUTATION_HEAD_759_DESC,Take an extra turn at the start of the battle.,,Juega un turno extra al inicio del combate.,Vous jouez 1&nbsp;tour bonus en début de combat.,Am Anfang des Kampfes erhältst du einen zusätzlichen Zug.,Effettui un turno aggiuntivo all'inizio della battaglia.,Obtenha um turno adicional no início da batalha.
//legs,,,,,,,
MUTATION_LEGS_300_DESC,+1 movement range while wet. Water does not slow movement.,,+1 de alcance del movimiento cuando esta unidad está mojada. El agua no ralentiza el movimiento.,"Mouillé, Portée de déplacement +1. L'eau ne ralentit plus les déplacements.","+1&nbsp;Bewegungsreichweite, während du nass bist. Wasser verlangsamt dich nicht.",+1 al raggio di movimento quando ti bagni. L'acqua non rallenta il movimento.,+1 de alcance de movimento ao se molhar. A água não diminui a velocidade do movimento.
MUTATION_LEGS_301_DESC,Your basic attack has a 5% chance to Stun.,,El ataque básico tiene un 5 % de probabilidad de aturdir.,Votre attaque de base a +5&nbsp;% de chances d'infliger Étourdissement.,"Dein Grundangriff hat eine 5%ige Wahrscheinlichkeit, Betäubung zu verursachen.",Il tuo attacco base ha un 5% di probabilità di infliggere Stordimento.,Seu ataque básico possui 5% de chance de aplicar atordoamento.
MUTATION_LEGS_302_DESC,Knockback immunity.,,Inmunidad al retroceso.,Immunité au Recul.,Immun gegen Rückstoß.,Immunità a Contraccolpo.,Imunidade contra empurrões.
MUTATION_LEGS_303_DESC,Your basic attack has a 5% chance to Immobilize.,,El ataque básico tiene un 5 % de probabilidad de inmovilizar.,Votre attaque de base a +5&nbsp;% de chances d'infliger Immobilisation.,"Dein Grundangriff hat eine 5%ige Wahrscheinlichkeit, bewegungsunfähig zu machen.",Il tuo attacco base ha un 5% di probabilità di infliggere Immobilizzazione.,Seu ataque básico possui 5% de chance de imobilizar.
MUTATION_LEGS_305_DESC,+5% dodge chance.,,+5 % de probabilidad de esquiva.,Chances d'esquive +5&nbsp;%.,+5&nbsp;% Ausweichchance.,+5% di probabilità di schivata.,+5% de chance de esquiva.
MUTATION_LEGS_309_DESC,Your basic attack has a 10% chance to inflict Bleed 3.,,El ataque básico tiene un 10 % de probabilidad de infligir 3 de hemorragia.,Votre attaque de base a 10&nbsp;% de chances d'infliger Saignement +3.,"Dein Grundangriff hat eine 10%ige Chance, Blutung&nbsp;3 zu verursachen.",Il tuo attacco base ha un 10% di probabilità di infliggere Sanguinamento 3.,Seu ataque básico possui 10% de chance de aplicar sangramento 3.
MUTATION_LEGS_310_DESC,Your movement action is a jump.,,La acción de movimiento se convierte en un salto.,Votre action de déplacement devient Saut.,Deine Bewegungsaktion wird zu einem Sprung.,La tua azione di movimento è un salto.,Sua ação de movimento é um salto.
MUTATION_LEGS_312_DESC,Your basic attack has +1 Knockback.,,El ataque básico tiene +1 de retroceso.,Votre attaque de base bénéficie de Recul +1.,Dein Grundangriff hat +1&nbsp;Rückstoß.,Il tuo attacco base ha +1 Contraccolpo.,Seu ataque básico possui +1 de empurrão.
MUTATION_LEGS_313_DESC,+1 reach.,,+1 de extensión.,Allonge +1.,+1 Reichweite.,+1 al raggio d'azione.,+1 de alcance.
MUTATION_LEGS_314_DESC,Your weapons have +1 Damage.,,Las armas infligen +1 de daño.,Vos armes bénéficient de Dégâts +1.,Deine Waffen verursachen +1&nbsp;Schaden.,Le tue armi hanno +1 al Danno.,Suas armas possuem +1 de dano.
MUTATION_LEGS_315_DESC,Ice immunity.,,Inmunidad al hielo.,Immunité à la glace.,Immun gegen Eis.,Immunità al ghiaccio.,Imunidade contra gelo.
MUTATION_LEGS_317_DESC,Your basic attack inflicts Bleed 1 if it's melee.,,El ataque básico inflige 1 de hemorragia si es cuerpo a cuerpo.,"Si votre attaque de base est au corps à corps, elle inflige Saignement +1.","Dein Grundangriff verursacht Blutung&nbsp;1, wenn es ein Nahkampfangriff ist.",Il tuo attacco base infligge Sanguinamento 1 se è corpo a corpo.,Seu ataque básico aplica sangramento 1 se for do tipo corpo-a-corpo.
MUTATION_LEGS_319_DESC,10% chance to gain a bonus move each turn.,,10 % de probabilidad de obtener una bonificación de movimiento en cada turno.,10&nbsp;% de chances de bénéficier d'un déplacement bonus à chaque tour.,"Pro Zug besteht eine 10%ige Wahrscheinlichkeit, eine zusätzliche Bewegungsaktion zu erhalten.",10% di probabilità di ottenere un movimento bonus ogni turno.,10% de chance de obter um movimento bônus a cada turno.
MUTATION_LEGS_320_DESC,10% chance to gain a bonus attack each turn.,,10 % de probabilidad de obtener una bonificación de ataque en cada turno.,10&nbsp;% de chances de bénéficier d'une attaque bonus à chaque tour.,"Pro Zug besteht eine 10%ige Wahrscheinlichkeit, einen zusätzlichen Angriff zu erhalten.",10% di probabilità di ottenere un attacco bonus ogni turno.,10% de chance de obter um ataque bônus a cada turno.
MUTATION_LEGS_321_DESC,Moving through water tiles costs 0 movement.,,Moverse por casillas de agua cuesta 0 de movimiento.,Traverser des cases d'eau ne coûte aucun point de déplacement.,"Es kostet keine Bewegungspunkte, dich durch Wasser zu bewegen.",Muoverti attraverso le caselle d'acqua costa 0 movimenti.,Mover-se por espaços de água custa 0 de movimento.
MUTATION_LEGS_325_DESC,Collarless spells cost -1 mana.,,Los hechizos sin collar cuestan -1 de maná.,Vos sorts sans collier coûtent -1&nbsp;mana.,Klassenlose Zauber kosten -1&nbsp;Mana.,Gli incantesimi Senza Collare costano -1 mana.,Encantamentos sem coleira custam -1 de mana.
MUTATION_LEGS_326_DESC,Your basic attack inflicts a random debuff.,,El ataque básico inflige una desventaja al azar.,Votre attaque de base inflige un malus aléatoire.,Dein Grundangriff verursacht eine zufällige Schwächung.,Il tuo attacco base infligge un malus casuale.,Seu ataque básico aplica um enfraquecimento aleatório.
MUTATION_LEGS_327_DESC,Gain 2 random stat ups and 1 random stat down at the end of each turn.,,Obtiene 2 aumentos de atributo al azar y 1 reducción de un atributo al azar al final de cada turno.,Vous confère +2&nbsp;stats aléatoires et -1&nbsp;stat aléatoire à la fin de chaque tour.,Erhalte am Ende jeden Zuges einen Bonus auf 2&nbsp;zufällige Attribute und einen Malus auf 1&nbsp;zufälliges Attribut.,Alla fine di ogni turno ottieni 2 aumenti casuali delle statistiche e 1 diminuzione casuale delle statistiche.,Obtenha 2 atributos aleatórios aumentados e 1 atributo aleatório diminuído no final de cada turno.
MUTATION_LEGS_328_DESC,Equip a temporary Bottles weapon at the start of the battle.,,Se equipa con botellas temporales como arma al inicio del combate.,Vous équipe temporairement de l'arme « Bouteilles » en début de combat.,Rüste am Anfang des Kampfes vorübergehend Flaschen als Waffe aus.,Equipaggi l'arma temporanea Bottiglie all'inizio della battaglia.,Equipe uma arma de garrafa temporária no início da batalha.
MUTATION_LEGS_329_DESC,Equip a temporary Water Bottle trinket at the start of the battle.,,Se equipa una botella de agua temporal como baratija al inicio del combate.,Vous équipe temporairement de la babiole « Bouteille d'eau » en début de combat.,Rüste am Anfang des Kampfes vorübergehend eine Wasserflasche als Zubehör aus.,Equipaggi un ciondolo temporaneo Bottiglia d'Acqua all'inizio della battaglia.,Equipe um acessório temporário de garrafa de água no início da batalha.
MUTATION_LEGS_330_DESC,+1 Health Regeneration,,+1 de regeneración de salud.,Régénération de PV +1.,+1&nbsp;Lebensregeneration.,+1 a Rigenerazione Salute.,+1 de regeneração de saúde.
MUTATION_LEGS_331_DESC,+1 movement range. Your movement action is a jump.,,+1 de alcance del movimiento. La acción de movimiento se convierte en un salto.,Portée de déplacement +1. Votre action de déplacement devient Saut.,+1&nbsp;Bewegungsreichweite. Deine Bewegungsaktion wird zu einem Sprung.,+1 al raggio di movimento. La tua azione di movimento è un salto.,+1 de alcance de movimento. Sua ação de movimento é um salto.
MUTATION_LEGS_332_DESC,50% chance to spawn a pickup on an adjacent tile when you end your turn. ,,50 % de probabilidad de generar un recogible en una casilla adyacente al final del turno. ,50&nbsp;% de chances de faire apparaître une ressource aléatoire sur une case adjacente à la fin de votre tour. ,"Wenn du deinen Zug beendest, besteht eine 50%ige Wahrscheinlichkeit, dass auf einem benachbarten Feld ein Gegenstand erscheint. ",Probabilità del 50% di generare un raccoglibile su una casella adiacente alla fine del turno.,50% de chance de gerar um coletável em um espaço adjacente ao finalizar seu turno.
MUTATION_LEGS_333_DESC,Your basic attack has wind element and +1 Knockback.,,El ataque básico tiene elemento de viento y +1 de retroceso.,Votre attaque de base devient une attaque de vent et bénéficie de Recul +1.,Dein Grundangriff wird zum Typ Wind und erhält +1&nbsp;Rückstoß.,Il tuo attacco base ha elemento vento e +1 Contraccolpo.,Seu ataque básico é do elemento vento e possui +1 de empurrão.
MUTATION_LEGS_334_DESC,Your basic attack tosses units into the air if it's melee.,,El ataque básico lanza a las unidades por los aires si es cuerpo a cuerpo.,"Si votre attaque de base est au corps à corps, elle lance les unités en l'air.","Dein Grundangriff stößt Gegner in die Luft, wenn es ein Nahkampfangriff ist.",Il tuo attacco base scaglia le unità in aria se è corpo a corpo.,Seu ataque básico lança unidades no ar se for do tipo corpo-a-corpo.
MUTATION_LEGS_335_DESC,+1 Bleed Thorns. Spawn glass when you take damage.,,+1 de espinas hemorrágicas. Genera cristales al sufrir daño.,Épines sanglantes +1. Du verre apparaît quand vous subissez des dégâts.,"+1&nbsp;Blutige Dornen. Lasse Scherben erscheinen, wenn du Schaden erleidest.",+1 Spine Insanguinate. Generi vetro quando subisci danno.,+1 de espinhos de sangramento. Gere vidro ao sofrer dano.
MUTATION_LEGS_336_DESC,Your basic attack inflicts Soul Link.,,El ataque básico inflige vínculo de alma.,Votre attaque de base inflige Lien spirituel.,Dein Grundangriff verursacht Seelenverbindung.,Il tuo attacco base infligge Collegamento Spirituale.,Seu ataque básico aplica conexão de alma.
MUTATION_LEGS_337_DESC,You are immune to tile effects.,,Es inmune a los efectos de las casillas.,Immunité aux effets de case.,Du bist immun gegen Feldeffekte.,Sei immune agli effetti delle caselle.,Você é imune a efeitos de espaços.
MUTATION_LEGS_339_DESC,Fly away when hit.,,Se aleja volando al recibir un golpe.,Vous vous envolez quand vous êtes touché.,"Flieg davon, wenn du getroffen wurdest.",Voli via dopo aver subito un colpo.,Voa para longe ao sofrer golpes.
MUTATION_LEGS_340_DESC,"When you take damage, gain +1 [img:lck].",,"Al sufrir daño, obtiene +1 [img:lck].",[img:lck] +1&nbsp;quand vous subissez des dégâts.,"Erhalte +1&nbsp;[img:lck], wenn du Schaden erleidest.","Quando subisci danno, ottieni +1 alla [img:lck]. ","Ao sofrer dano, obtenha +1 de [img:lck]."
MUTATION_LEGS_341_DESC,Your basic attack makes units face away from you.,,El ataque básico hace que las unidades le den la espalda.,Votre attaque de base contraint les unités à vous tourner le dos.,"Dein Grundangriff sorgt dafür, dass Einheiten sich von dir wegdrehen.",Il tuo attacco base fa voltare le unità dalla parte opposta.,Seu ataque básico faz com que unidades fiquem de costas para você.
MUTATION_LEGS_343_DESC,Spawn a Charmed Kitten familiar when you get downed.,,Genera un familiar gatito embrujado cuando cae en combate.,"Quand vous êtes mis K.O., un chaton envoûté de compagnie est invoqué.","Lasse einen freundlichen Katzenbegleiter erscheinen, wenn du in Ohnmacht fällst.",Generi un famiglio Gattino Ammaliato quando vai KO.,Gere um filhotinho de gato enfeitiçado ao ficar inconsciente.
MUTATION_LEGS_900_DESC,Ignore the effects of tiles and traps.,,Ignora los efectos de las casillas y las trampas.,Immunité aux effets de case et aux pièges.,Ignoriere Feld- und Falleneffekte.,Ignori gli effetti di caselle e trappole.,Ignore os efeitos de espaços e armadilhas.
MUTATION_LEGS_703_DESC,Water does not slow movement.,,El agua no ralentiza el movimiento.,L'eau ne ralentit plus les déplacements.,Wasser verlangsamt dich nicht.,L'acqua non rallenta il tuo movimento.,A água não diminui a velocidade do movimento.
MUTATION_LEGS_705_DESC,Trample.,,Pisotea.,Piétinement.,Trampel.,Calpestamento.,Atropelamento.
MUTATION_LEGS_707_DESC,Permanently Slow.,,Ralentización permanente.,Lenteur permanente.,Dauerhaft verlangsamt.,Rallentamento permanente.,Lentidão permanente.
MUTATION_LEGS_754_DESC,Your movement action is a jump. Your basic attack inflicts Bruise.,,La acción de movimiento se convierte en un salto. El ataque básico inflige moratón.,Votre action de déplacement devient Saut. Votre attaque de base inflige Contusion.,Your Bewegungsaktion is a jump. Your Grundangriff inflicts Beulen.,La tua azione di movimento è un salto. Il tuo attacco base infligge Livido.,Sua ação de movimento é um salto. Seu ataque básico aplica contusão.
MUTATION_LEGS_757_DESC,Trample.,,Pisotea.,Piétinement.,Trampel.,Calpestamento.,Atropelamento.
MUTATION_LEGS_758_DESC,You have All Stats Up while wet.,,Esta unidad tiene aumento total cuando está mojada.,"Mouillé, vous confère Hausse de stats.","Während du nass bist, erhältst du einen Bonus auf alle Attribute.",Hai Aumento delle Statistiche quando ti bagni.,Você possui todos os atributos aumentados ao se molhar.
MUTATION_LEGS_759_DESC,You have All Stats Up while wet.,,Esta unidad tiene aumento total cuando está mojada.,"Mouillé, vous confère Hausse de stats.","Während du nass bist, erhältst du einen Bonus auf alle Attribute.",Hai Aumento delle Statistiche quando ti bagni.,Você possui todos os atributos aumentados ao se molhar.
MUTATION_LEGS_761_DESC,Your movement action is a jump. Your basic attack inflicts Bleed.,,La acción de movimiento se convierte en un salto. El ataque básico inflige hemorragia.,Votre action de déplacement devient Saut. Votre attaque de base inflige Saignement.,Deine Bewegungsaktion wird zu einem Sprung. Dein Grundangriff verursacht Blutung.,La tua azione di movimento è un salto. Il tuo attacco base infligge Sanguinamento.,Sua ação de movimento é um salto. Seu ataque básico aplica sangramento.
MUTATION_LEGS_762_DESC,Ignore the effects of tiles and traps.,,Ignora los efectos de las casillas y las trampas.,Immunité aux effets de case et aux pièges.,Ignoriere Feld- und Falleneffekte.,Ignori gli effetti di caselle e trappole.,Ignore os efeitos de espaços e armadilhas.
MUTATION_LEGS_763_DESC,Ignore the effects of tiles and traps.,,Ignora los efectos de las casillas y las trampas.,Immunité aux effets de case et aux pièges.,Ignoriere Feld- und Falleneffekte.,Ignori gli effetti di caselle e trappole.,Ignore os efeitos de espaços e armadilhas.
//mouth,,,,,,,
MUTATION_MOUTH_301_DESC,Gain 1 health when you deal damage.,,Obtiene 1 PS al infligir daño.,PV +1&nbsp;quand vous infligez des dégâts.,"Erhalte +1&nbsp;Gesundheit, wenn du Schaden verursachst.",Ottieni 1 di salute quando infliggi danno.,Obtenha 1 de saúde ao causar dano.
MUTATION_MOUTH_302_DESC,+1 Health Regeneration,,+1 de regeneración de salud.,Régénération de PV +1.,+1&nbsp;Lebensregeneration.,+1 a Rigenerazione Salute.,+1 de regeneração de saúde.
MUTATION_MOUTH_304_DESC,Your basic attack inflicts Poison.,,El ataque básico inflige veneno.,Votre attaque de base inflige Poison.,Dein Grundangriff verursacht Gift.,Il tuo attacco base infligge Veleno.,Seu ataque básico aplica veneno.
MUTATION_MOUTH_305_DESC,+100 corpse health.,,+100 de salud de cadáver.,PV de cadavre +100.,+100&nbsp;Leichenlebenspunkte.,+100 salute del cadavere.,+100 de saúde de cadáveres.
MUTATION_MOUTH_306_DESC,10% chance to spawn a Fly when you take damage.,,10 % de probabilidad de generar una mosca al sufrir daño.,10&nbsp;% de chances d'invoquer une mouche quand vous subissez des dégâts.,"Wenn du Schaden erleidest, besteht eine 10%ige Wahrscheinlichkeit, dass eine Fliege erscheint.",10% di probabilità di generare una Mosca quando subisci danno.,10% de chance de gerar uma mosca ao sofrer dano.
MUTATION_MOUTH_307_DESC,Your basic attack has a 1% chance to instakill.,,El ataque básico tiene un 1 % de probabilidad de matar al instante.,Votre attaque de base a +1&nbsp;% de chances de tuer sur le coup.,"Dein Grundangriff hat eine 1%ige Wahrscheinlichkeit, dein Ziel sofort zu töten.",Il tuo attacco base ha l'1% di probabilità di uccidere all'istante.,Seu ataque básico possui 1% de chance de matar instantaneamente.
MUTATION_MOUTH_308_DESC,+1 Health Regeneration,,+1 de regeneración de salud.,Régénération de PV +1.,+1&nbsp;Lebensregeneration.,+1 a Rigenerazione Salute.,+1 de regeneração de saúde.
MUTATION_MOUTH_309_DESC,Your basic attack has a 10% chance to inflict Fear.,,El ataque básico tiene un 10 % de probabilidad de infligir miedo.,Votre attaque de base a +10&nbsp;% de chances d'infliger Peur.,"Dein Grundangriff hat eine 10%ige Wahrscheinlichkeit, Angst zu verursachen.",Il tuo attacco base ha un 10% di probabilità di infliggere Paura.,Seu ataque básico possui 10% de chance de aplicar medo.
MUTATION_MOUTH_311_DESC,Your basic attack inflicts Leech 1.,,El ataque básico inflige 1 de sanguijuela.,Votre attaque de base inflige Sangsue +1.,Dein Grundangriff verursacht Blutegel&nbsp;1.,Il tuo attacco base infligge Sanguisuga 1.,Seu ataque básico aplica sanguessuga 1.
MUTATION_MOUTH_312_DESC,Your basic attack has a 10% chance to inflict Immobile if it's melee.,,El ataque básico tiene un 10 % de probabilidad de inmovilizar si es cuerpo a cuerpo.,"Si votre attaque de base est au corps à corps, elle a 10&nbsp;% de chances d'infliger Immobilisation.","Dein Grundangriff hat eine 10%ige Wahrscheinlichkeit, Gegner unbeweglich zu machen, wenn es ein Nahkampfangriff ist.",Il tuo attacco base ha un 10% di probabilità di infliggere Immobilizzazione se è corpo a corpo.,Seu ataque básico possui 15% de chance de imobilizar se for do tipo corpo-a-corpo.
MUTATION_MOUTH_313_DESC,"At the end of each round, spit at an enemy .",,"Al final de cada ronda, escupe a un enemigo.","À la fin de chaque manche, vous crachez sur un ennemi.",Spucke am Ende jeder Runde auf einen Gegner.,"Alla fine di ogni round, sputi contro un nemico.","No final de cada turno, cuspa em um inimigo."
MUTATION_MOUTH_314_DESC,Spawn 5-10 coins when downed.,,Genera 5-10 monedas cuando cae en combate.,"K.O., 5&nbsp;à 10&nbsp;pièces apparaissent.","Lasse 5&nbsp;– 10 Münzen erscheinen, wenn du in Ohnmacht fällst.",Generi 5-10 monete quando sei KO.,Gere 5-10 moedas ao ficar inconsciente.
MUTATION_MOUTH_315_DESC,10% chance to gain a bonus attack each turn.,,10 % de probabilidad de obtener una bonificación de ataque en cada turno.,10&nbsp;% de chances de bénéficier d'une attaque bonus chaque tour.,"Pro Zug besteht eine 10%ige Wahrscheinlichkeit, einen zusätzlichen Angriff zu erhalten.",10% di probabilità di ottenere un attacco bonus ogni turno.,10% de chance de obter um ataque bônus a cada turno.
MUTATION_MOUTH_316_DESC,Your basic attack inflicts Bruise.,,El ataque básico inflige moratón.,Votre attaque de base inflige Contusion.,Dein Grundangriff verursacht Beulen.,Il tuo attacco base infligge Livido.,Seu ataque básico aplica contusão.
MUTATION_MOUTH_317_DESC,Spawn glass when you take damage. +1 Bleed Thorns. ,,Genera cristales al sufrir daño. +1 de espinas hemorrágicas. ,Du verre apparaît quand vous subissez des dégâts. Épines sanglantes +1. ,"Lasse Scherben erscheinen, wenn du Schaden erleidest. +1&nbsp;Blutige Dornen. ",Generi vetro quando subisci danno. +1 Spine Insanguinate.,Gere vidro ao sofrer dano. +1 de espinhos de sangramento.
MUTATION_MOUTH_318_DESC,Your movement action is Dig.,,La acción de movimiento se convierte en «Cavar».,Votre action de déplacement devient Tunnel.,Deine Bewegungsaktion wird zu Graben.,La tua azione di movimento è Scavo.,Sua ação de movimento é cavar.
MUTATION_MOUTH_319_DESC,Water does not slow movement. +1 Health Regeneration while wet.,,El agua no ralentiza el movimiento. +1 de regeneración de salud cuando esta unidad está mojada.,"L'eau ne ralentit plus les déplacements. Mouillé, Régénération de PV +1.","Wasser verlangsamt dich nicht. +1&nbsp;Lebensregeneration, während du nass bist.",L'acqua non rallenta il movimento. +1 a Rigenerazione Salute quando ti bagni.,A água não diminui a velocidade do movimento. +1 de regeneração de saúde ao se molhar.
MUTATION_MOUTH_322_DESC,Your basic attack inflicts Bleed.,,El ataque básico inflige hemorragia.,Votre attaque de base inflige Saignement.,Dein Grundangriff verursacht Blutung.,Il tuo attacco base infligge Sanguinamento.,Seu ataque básico aplica sangramento.
MUTATION_MOUTH_323_DESC,+2 Health Regeneration while wet.,,+2 de regeneración de salud cuando esta unidad está mojada.,"Mouillé, Régénération de PV +2.","+2&nbsp;Lebensregeneration, während du nass bist.",+2 a Rigenerazione Salute quando ti bagni.,+2 de regeneração de saúde ao se molhar.
MUTATION_MOUTH_324_DESC,+1 range.,,+1 de alcance.,Portée +1.,+1&nbsp;Reichweite.,+1 al raggio d'azione.,+1 de alcance.
MUTATION_MOUTH_326_DESC,Gain +1 Health Regeneration whenever you eat food.,,Obtiene +1 de regeneración de salud cuando come algo.,Régénération de PV +1&nbsp;quand vous mangez.,"Erhalte +1&nbsp;Lebensregeneration, wenn du etwas isst.",Ottieni +1 a Rigenerazione Salute ogni volta che mangi cibo.,Obtenha +1 de regeneração de saúde sempre que comer um alimento.
MUTATION_MOUTH_327_DESC,You can reroll your options when you level up.,,Puede cambiar al azar las opciones al subir de nivel.,Vous pouvez tirer de nouvelles options quand vous montez de niveau.,"Du kannst deine Auswahlmöglichkeiten neu generieren, wenn du ein Level aufsteigst.",Puoi modificare le tue opzioni quando sali di livello.,Você pode recombinar suas opções ao subir de nível.
MUTATION_MOUTH_328_DESC,"Can't eat food, use consumables, or use musical abilities. +2 Health Regeneration ",,"No puede comer, usar consumibles ni emplear habilidades musicales. +2 de regeneración de salud. ",Vous ne pouvez pas manger ni utiliser des consommables ou des compétences musicales. Régénération de PV +2. ,"Kann nichts essen, keine Gebrauchsgegenstände benutzen oder musikalische Fähigkeiten einsetzen. +2&nbsp;Lebensregeneration. ","Non puoi mangiare cibo, usare consumabili o abilità musicali. +2 a Rigenerazione Salute","Não é possível comer alimentos, utilizar consumíveis ou habilidades musicais. +2 de regeneração de saúde."
MUTATION_MOUTH_900_DESC,Your basic attack has a 10% chance to inflict Fear.,,El ataque básico tiene un 10 % de probabilidad de infligir miedo.,Votre attaque de base a +10&nbsp;% de chances d'infliger Peur.,"Dein Grundangriff hat eine 10%ige Wahrscheinlichkeit, Angst zu verursachen.",Il tuo attacco base ha un 10% di probabilità di infliggere Paura.,Seu ataque básico possui 10% de chance de aplicar medo.
MUTATION_MOUTH_1500_DESC,Your basic attack inflicts Poison.,,El ataque básico inflige veneno.,Votre attaque de base inflige Poison.,Dein Grundangriff verursacht Gift.,Il tuo attacco base infligge Veleno.,Seu ataque básico aplica veneno.
MUTATION_MOUTH_1026_DESC,Your basic attack has a 10% chance to inflict Webbed.,,El ataque básico tiene un 10 % de probabilidad de infligir telaraña.,Votre attaque de base a 10&nbsp;% de chances d'infliger Toile.,"Dein Grundangriff hat eine 10%ige Chance, Netz zu verursachen.",Il tuo attacco base ha un 10% di probabilità di infliggere Ragnatela.,Seu ataque básico possui uma chance de 10% de aplicar teia.
MUTATION_MOUTH_M2_DESC,"Can't eat food, use consumables, or use musical abilities.",,"No puede comer, usar consumibles ni emplear habilidades musicales.",Vous ne pouvez pas manger ni utiliser des consommables ou des compétences musicales.,"Kann nichts essen, keine Gebrauchsgegenstände benutzen oder musikalische Fähigkeiten einsetzen.","Non puoi mangiare cibo, usare consumabili o abilità musicali.","Não é possível comer alimentos, utilizar consumíveis ou habilidades musicais."
MUTATION_MOUTH_705_DESC,Your basic attack can be used two extra times each turn but is replaced with a 1-damage spit attack.,,"El ataque básico se puede usar dos veces extras por turno, pero se remplaza por un ataque de escupitajo que inflige 1 de daño.","Votre attaque de base peut être utilisée +2&nbsp;fois à chaque tour, mais elle est remplacée par un crachat infligeant 1&nbsp;dégât.","Dein Grundangriff kann in jedem Zug zwei zusätzliche Male eingesetzt werden, wird jedoch mit einem Spuckangriff ersetzt, der 1&nbsp;Schaden verursacht.","Il tuo attacco base può essere usato due volte aggiuntive per turno, ma viene sostituito da un attacco con sputo da 1 danno.","Seu ataque básico pode ser utilizado 2 vezes adicionais a cada turno, mas é substituído por um ataque de cuspe que causa 1 de dano."
MUTATION_MOUTH_750_DESC,Your basic attack destroys inanimate objects and turns tiles into dirt.,,El ataque básico destruye los objetos inanimados y convierte las casillas en tierra.,Votre attaque de base détruit les objets inanimés et change les cases en terre.,Dein Grundangriff zerstört nicht lebendige Objekte und verwandelt Felder in Dreck.,Il tuo attacco base distrugge oggetti inanimati e trasforma le caselle in terra.,Seu ataque básico destrói objetos inanimados e transforma espaços em terra.
MUTATION_MOUTH_752_DESC,Your basic attack creates water tiles.,,El ataque básico crea casillas de agua.,Votre attaque de base crée des cases d'eau.,Dein Grundangriff erschafft Wasserfelder.,Il tuo attacco base crea caselle d'acqua.,Seu ataque básico cria espaços de água.
MUTATION_MOUTH_754_DESC,Adjacent units get All Stats Down.,,Las unidades adyacentes reciben reducción total.,Les unités adjacentes subissent Baisse de stats.,Benachbarte Einheiten erhalten einen Malus auf alle Attribute.,Le unità adiacenti ottengono Diminuzione delle Statistiche.,Unidades adjacentes têm todos os atributos diminuídos.
MUTATION_MOUTH_755_DESC,Ice Immunity.,,Inmunidad al hielo.,Immunité à la glace.,Immun gegen Eis.,Immunità al ghiaccio.,Imunidade contra gelo.
MUTATION_MOUTH_757_DESC,Your basic attack inflicts Bleed.,,El ataque básico inflige hemorragia.,Votre attaque de base inflige Saignement.,Dein Grundangriff verursacht Blutung.,Il tuo attacco base infligge Sanguinamento.,Seu ataque básico aplica sangramento.
MUTATION_MOUTH_760_DESC,"When a food pickup spawns within 2 tiles of you, move to it.",,"Cuando se genera un recogible de comida a una distancia de 2 casillas o menos, la unidad se mueve hacia él.","Quand de la nourriture apparaît dans un rayon de 2&nbsp;cases autour de vous, vous vous déplacez vers elle.","Wenn ein Essensgegenstand innerhalb von 2&nbsp;Feldern von dir erscheint, bewegst du dich zu ihm.","Quando un raccoglibile Cibo appare entro 2 caselle da te, ti muovi verso di esso.","Quando um coletável de comida for gerado dentro de até 2 espaços de distância de você, mova-se até ele."
//tail,,,,,,,
MUTATION_TAIL_301_DESC,Poop when you take damage.,,Hace caca al sufrir daño.,Vous chiez quand vous subissez des dégâts.,"Lege ein Häufchen, wenn du Schaden erleidest.",Fai la cacca quando subisci danno.,Faça cocô ao sofrer dano.
MUTATION_TAIL_302_DESC,Your basic attack inflicts Poison.,,El ataque básico inflige veneno.,Votre attaque de base inflige Poison.,Dein Grundangriff verursacht Gift.,Il tuo attacco base infligge Veleno.,Seu ataque básico aplica veneno.
MUTATION_TAIL_303_DESC,Your basic attack has a 5% chance to Stun.,,El ataque básico tiene un 5 % de probabilidad de aturdir.,Votre attaque de base a +5&nbsp;% de chances d'infliger Étourdissement.,"Dein Grundangriff hat eine 5%ige Wahrscheinlichkeit, Betäubung zu verursachen.",Il tuo attacco base ha un 5% di probabilità di infliggere Stordimento.,Seu ataque básico possui 5% de chance de aplicar atordoamento.
MUTATION_TAIL_305_DESC,+1 Thorns.,,+1 de espinas.,Épines +1.,+1&nbsp;Dornen.,+1 Spine.,+1 de espinhos.
MUTATION_TAIL_308_DESC,+5% dodge chance.,,+5 % de probabilidad de esquiva.,Chances d'esquive +5&nbsp;%.,+5&nbsp;% Ausweichchance.,+5% di probabilità di schivata.,+5% de chance de esquiva.
MUTATION_TAIL_310_DESC,Your basic attack has a 10% chance to repeat once.,,El ataque básico tiene un 10 % de probabilidad de repetirse una vez.,Votre attaque de base a 10&nbsp;% de chances de se répéter.,Dein Grundangriff wiederholt sich mit einer Wahrscheinlichkeit von 10&nbsp;%.,Il tuo attacco base ha un 10% di probabilità di ripetersi una volta.,Seu ataque básico possui 10% de se repetir uma vez.
MUTATION_TAIL_311_DESC,Thorns 1.,,1 de espinas.,Épines +1.,Dornen&nbsp;1.,Spine 1.,Espinhos 1.
MUTATION_TAIL_313_DESC,Your basic attack creates water tiles.,,El ataque básico crea casillas de agua.,Votre attaque de base crée des cases d'eau.,Dein Grundangriff erschafft Wasserfelder.,Il tuo attacco base crea caselle d'acqua.,Seu ataque básico cria espaços de água.
MUTATION_TAIL_314_DESC,"Whenever you down a unit, you have a 10% chance to reanimate that unit with 50% HP.",,"Cuando abate a una unidad, tiene un 10 % de probabilidad de reanimarla con un 50 % de sus PS.","Quand vous tuez une unité, vous avez 10&nbsp;% de chances de la réanimer avec 50&nbsp;% de ses PV.","Immer, wenn eine Einheit durch dich in Ohnmacht fällt, besteht eine 10%ige Wahrscheinlichkeit, dass du diese Einheit mit 50&nbsp;% LP wiederbelebst.","Ogni volta che mandi KO un'unità, hai un 10% di probabilità di rianimare quell'unità con il 50% di PS.","Sempre que deixar uma unidade inconsciente, você possui 10% de chance de reanimar essa unidade com 50% de saúde."
MUTATION_TAIL_315_DESC,20% chance to spawn a Maggot when hit.,,20 % de probabilidad de generar un gusano al recibir un golpe.,20&nbsp;% de chances d'invoquer un asticot quand vous subissez une attaque.,"Wenn du getroffen wirst, besteht eine 10%ige Wahrscheinlichkeit, dass eine Fliege erscheint.",20% di probabilità di generare un Verme quando ti colpiscono.,20% de chance de gerar um verme ao sofrer golpes.
MUTATION_TAIL_316_DESC,25% chance to spawn tall grass wherever you end your movement.,,25 % de probabilidad de generar hierba alta donde termine su movimiento.,25&nbsp;% de chances que des hautes herbes apparaissent quand vous finissez de vous déplacer.,"Wenn du deine Bewegungsaktion beendest, besteht eine Wahrscheinlichkeit von 25&nbsp;%, dass dort hohes Gras erscheint.",25% di probabilità di generare erba alta in qualsiasi punto termini il tuo movimento.,25% de chance de gerar grama alta sempre que finalizar seu movimento.
MUTATION_TAIL_317_DESC,"When hit, fart a Poison 4 attack with Knockback behind you.",,"Al recibir un golpe, asesta a sus espaldas un ataque de pedo que inflige 4 de veneno y retroceso.","Touché, vous lâchez un pet qui inflige Poison +4&nbsp;et Recul derrière vous.","Wenn du getroffen wirst, musst du nach hinten furzen und verursachst so einen Angriff mit Gift&nbsp;4 und Rückstoß.","Quando ti colpiscono, scoreggi, effettuando un attacco Veleno 4 con Contraccolpo dietro di te.","Ao sofrer golpes, realize um ataque de pum com veneno 4 e empurrão atrás de você."
MUTATION_TAIL_318_DESC,Your basic attack inflicts Poison.,,El ataque básico inflige veneno.,Votre attaque de base inflige Poison.,Dein Grundangriff verursacht Gift.,Il tuo attacco base infligge Veleno.,Seu ataque básico aplica veneno.
MUTATION_TAIL_319_DESC,Units who contact you get Poisoned.,,Inflige veneno a las unidades que entren en contacto con esta.,Les unités qui vous touchent subissent Poison.,"Einheiten, die dich berühren, werden vergiftet.",Le unità che ti toccano subiscono Avvelenamento.,Unidades que entram em contato com você sofrem envenenamento.
MUTATION_TAIL_320_DESC,Bleed 1. Bleed Thorns 2.,,1 de hemorragia. 2 de espinas hemorrágicas.,Saignement +1. Épines sanglantes +2.,Blutung&nbsp;1. Blutige Dornen&nbsp;2.,Sanguinamento 1. Spine Insanguinate 2.,Sangramento 1. Espinhos de sangramento 2.
MUTATION_TAIL_322_DESC,Gain +1 [img:spd] each turn.,,Obtiene +1 [img:spd] en cada turno.,[img:spd] +1&nbsp;chaque tour.,Erhalte jeden Zug +1&nbsp;[img:spd].,Ottieni +1 alla [img:spd] ogni turno.,Obtenha +1 de [img:spd] a cada turno.
MUTATION_TAIL_323_DESC,Your movement action is a jump.,,La acción de movimiento se convierte en un salto.,Votre action de déplacement devient Saut.,Deine Bewegungsaktion wird zu einem Sprung.,La tua azione di movimento è un salto.,Sua ação de movimento é um salto.
MUTATION_TAIL_325_DESC,Units that contact you get knocked back 2 tiles.,,Las unidades que entren en contacto con esta retroceden 2 casillas.,Les unités qui vous touchent subissent Recul +2.,"Einheiten, die dich berühren, werden 2&nbsp;Felder zurückgestoßen.",Le unità che ti toccano vengono respinte all'indietro di 2 caselle.,Unidades que entram em contato com você são empurradas 2 espaços para trás.
MUTATION_TAIL_326_DESC,10% dodge chance. Bruise 1.,,10 % de probabilidad de esquiva. 1 de moratón.,Chances d'esquive +10&nbsp;%. Contusion +1.,10&nbsp;% Ausweichchance. Beulen&nbsp;1.,10% di probabilità di schivata. Livido 1.,10% de chance de esquiva. Contusão 1.
MUTATION_TAIL_327_DESC,"If you don't move, gain 3 Charge at the end of the turn.",,"Si no se mueve, obtiene 3 de carga al final del turno.",Charge +3&nbsp;à la fin du tour si vous ne bougez pas.,"Wenn du dich nicht bewegst, erhältst du am Ende des Zuges 3&nbsp;Ladung.","Se non ti muovi, ottieni 3 Carica alla fine del turno.","Se você não se mover, obtenha carga 3 no final do turno."
MUTATION_TAIL_329_DESC,You can unequip cursed items and parasites.,,Puede desequiparse los objetos malditos y los parásitos.,Vous pouvez déséquiper les objets maudits et les parasites.,Du kannst verfluchte Gegenstände und Parasiten ablegen.,Puoi disequipaggiare oggetti maledetti e parassiti.,Você pode desequipar itens amaldiçoados e parasitas.
MUTATION_TAIL_331_DESC,You can reroll your options when you level up.,,Puede cambiar al azar las opciones al subir de nivel.,Vous pouvez tirer de nouvelles options quand vous montez de niveau.,"Du kannst deine Auswahlmöglichkeiten neu generieren, wenn du ein Level aufsteigst.",Puoi modificare le tue opzioni quando sali di livello.,Você pode recombinar suas opções ao subir de nível.
MUTATION_TAIL_332_DESC,+25% chance to reflect projectiles.,,+25 % de probabilidad de devolver proyectiles.,Chances de renvoyer les projectiles +25&nbsp;%.,"+25&nbsp;% Wahrscheinlichkeit, Geschosse zu reflektieren.",+25% di probabilità di riflettere i proiettili.,+25% de chance de refletir projéteis.
MUTATION_TAIL_334_DESC,Your basic attack inflicts Burn 1.,,El ataque básico inflige 1 de quemadura.,Votre attaque de base inflige Brûlure +1.,Dein Grundangriff verursacht Verbrennung&nbsp;1.,Il tuo attacco base infligge Bruciatura 1.,Seu ataque básico aplica queimadura 1.
MUTATION_TAIL_336_DESC,+1 Thorns.,,+1 de espinas.,Épines +1.,+1&nbsp;Dornen.,+1 Spine.,+1 de espinhos.
MUTATION_TAIL_337_DESC,Your basic attack is wind element.,,El ataque básico es de elemento de viento.,Votre attaque de base devient une attaque de vent.,Dein Grundangriff wird zum Typ Wind.,Il tuo attacco base è di elemento vento.,Seu ataque básico é do elemento vento.
MUTATION_TAIL_338_DESC,Your basic attack inflicts Burn 1.,,El ataque básico inflige 1 de quemadura.,Votre attaque de base inflige Brûlure +1.,Dein Grundangriff verursacht Verbrennung&nbsp;1.,Il tuo attacco base infligge Bruciatura 1.,Seu ataque básico aplica queimadura 1.
MUTATION_TAIL_339_DESC,"While at full mana, you have +2 Damage.",,"Con el maná a tope, tiene +2 de daño.",Dégâts +2&nbsp;quand vous avez tout votre mana.,"Erhalte +2&nbsp;Schaden, während dein Mana voll ist.","Finché sei a mana pieno, hai +2 al Danno.","Enquanto sua mana estiver completa, obtenha +2 de dano."
MUTATION_TAIL_341_DESC,Gain +1 Charge when you take damage.,,Obtiene +1 de carga al sufrir daño.,Charge +1&nbsp;quand vous subissez des dégâts.,"Erhalte +1&nbsp;Ladung, wenn du Schaden erleidest.",Ottieni +1 Carica quando subisci danno.,Obtenha +1 carga ao sofrer dano.
MUTATION_TAIL_342_DESC,Spawn a Charmed Kitten familiar when you get downed.,,Genera un familiar gatito embrujado cuando cae en combate.,"Quand vous êtes mis K.O., un chaton envoûté de compagnie est invoqué.","Lasse einen freundlichen Katzenbegleiter erscheinen, wenn du in Ohnmacht fällst.",Generi un famiglio Gattino Ammaliato quando vai KO.,Gere um filhotinho de gato enfeitiçado ao ficar inconsciente.
MUTATION_TAIL_703_DESC,Start each battle with Immobile 1.,,Empieza cada combate con 1 de inmovilización.,Vous débutez chaque combat avec Immobilisation +1.,Beginne jeden Kampf mit Unbeweglich&nbsp;1.,Inizi ogni battaglia con Immobilizzazione 1.,Inicie cada batalha com imobilidade 1.
MUTATION_TAIL_704_DESC,Hunter abilities are also offered when you level up.,,También se ofrecen habilidades de cazador al subir de nivel.,Les compétences de sentinelle vous sont proposées quand vous montez de niveau.,"Wenn du ein Level aufsteigst, befinden sich unter deinen Auswahlmöglichkeiten auch Jägerfähigkeiten.",Ti vengono offerte anche le abilità del Cacciatore quando sali di livello.,Habilidades de caçador também são oferecidas ao subir de nível.
MUTATION_TAIL_751_DESC,+1 Brace.,,+1 de refuerzo.,Garde +1.,+1&nbsp;Wappnen.,+1 alla Guardia.,+1 de preparação.
MUTATION_TAIL_754_DESC,+1 Thorns.,,+1 de espinas.,Épines +1.,+1&nbsp;Dornen.,+1 Spine.,+1 de espinhos.
MUTATION_TAIL_755_DESC,Water does not slow movement.,,El agua no ralentiza el movimiento.,L'eau ne ralentit plus les déplacements.,Wasser verlangsamt dich nicht.,L'acqua non rallenta il movimento.,A água não diminui a velocidade do movimento.
MUTATION_TAIL_756_DESC,+1 Bleed Thorns.,,+1 de espinas hemorrágicas.,Épines sanglantes +1.,+1&nbsp;Blutige Dornen.,+1 Spine Insanguinate.,+1 de espinhos de sangramento.
MUTATION_TAIL_757_DESC,Your movement action is shadowstep.,,La acción de movimiento se convierte en un paso sombrío.,Votre action de déplacement devient Pas de l'ombre.,Deine Bewegungsaktion ist Schattenschritt.,La tua azione di movimento è Passo d'Ombra.,Sua ação de movimento é um passo sombrio.
MUTATION_TAIL_759_DESC,Start with +1 Bonus Attack.,,Empieza con +1 de bonificación de ataque.,Vous débutez avec Attaque bonus +1.,Beginne jeden Kampf mit +1&nbsp;Bonusangriff.,Inizi con +1 Attacco Bonus.,Inicie com +1 de bônus de ataque.
MUTATION_TAIL_760_DESC,Start with 2 backflips.,,Empieza con 2 mortales hacia atrás.,Vous débutez avec Salto arrière +2.,Beginne jeden Kampf mit 2&nbsp;Rückwärtssaltos.,Inizi con 2 Salti Mortali all'Indietro.,Inicie com 2 mortais para trás.
//texture,,,,,,,
MUTATION_TEXTURE_300_DESC,+1 Health Regeneration,,+1 de regeneración de salud.,Régénération de PV +1.,+1&nbsp;Lebensregeneration.,+1 a Rigenerazione Salute.,+1 de regeneração de saúde.
MUTATION_TEXTURE_301_DESC,+1 Health and Mana Regeneration while wet.,,+1 de regeneración de salud y de maná cuando esta unidad está mojada.,"Mouillé, PV +1&nbsp;et Régénération de mana +1.","+1&nbsp;Lebens- und Manaregeneration, während du nass bist.",+1 a Rigenerazione Salute e Mana quando ti bagni.,+1 de saúde e regeneração de mana ao se molhar.
MUTATION_TEXTURE_303_DESC,Start each battle with a random stat up.,,Empieza cada combate con un aumento de un atributo al azar.,Vous débutez chaque combat avec +1&nbsp;à une stat aléatoire.,Beginne jeden Kampf mit einem Bonus auf ein zufälliges Attribut.,Inizi ogni battaglia con un aumento casuale di una statistica.,Inicie cada batalha com um atributo aleatório aumentado.
MUTATION_TEXTURE_304_DESC,Units that contact or attack you have a 10% chance to become Confused.,,Las unidades que entren en contacto con esta o la ataquen tienen un 10 % de probabilidad de sufrir confusión.,Les unités qui vous touchent ou vous attaquent ont 10&nbsp;% de chances de subir Confusion.,"Einheiten, die dich berühren oder angreifen, werden mit 10%iger Wahrscheinlichkeit verwirrt.",Le unità che ti toccano o ti attaccano hanno un 10% di probabilità di subire Confusione.,Unidades que entram em contato com você ou lhe atacam têm uma chance de 10% de sofrerem confusão.
MUTATION_TEXTURE_307_DESC,+5% dodge chance.,,+5 % de probabilidad de esquiva.,Chances d'esquive +5&nbsp;%.,+5&nbsp;% Ausweichchance.,+5% di probabilità di schivata.,+5% de chance de esquiva.
MUTATION_TEXTURE_309_DESC,Your basic attack has a 5% chance to inflict Fear. You have a 5% chance to inflict Fear on units who contact or attack you.,,El ataque básico tiene un 5 % de probabilidad de infligir miedo. Tiene un 5 % de probabilidad de infligir miedo a las unidades que entren en contacto con esta o la ataquen.,Votre attaque de base a 5&nbsp;% de chances d'infliger Peur. 5&nbsp;% de chances d'infliger Peur aux unités qui vous touchent ou vous attaquent.,"Dein Grundangriff hat eine 5%ige Chance, Angst zu verursachen. Du hast eine 5%ige Chance, Angst bei Einheiten zu verursachen, die dich berühren oder angreifen.",Il tuo attacco base ha un 5% di probabilità di infliggere Paura. Hai un 5% di probabilità di infliggere Paura alle unità che ti toccano o ti attaccano.,Seu ataque básico possui 5% de chance de aplicar medo. Você possui 5% de chance de aplicar medo em unidades que entrem em contato com você ou lhe ataquem.
MUTATION_TEXTURE_310_DESC,Gain double the effects of pickups you collect.,,Duplica los efectos de los recogibles obtenidos.,Les effets des ressources que vous ramassez sont doublés.,"Gegenstände, die du aufhebst, haben doppelte Wirkung.",Ottieni il doppio degli effetti dai raccoglibili che prendi.,Obtenha um efeito dobrado de todos os coletáveis recolhidos.
MUTATION_TEXTURE_702_DESC,Start each battle with Bleed 1.,,Empieza cada combate con 1 de hemorragia.,Vous débutez chaque combat avec Saignement +1.,Beginne jeden Kampf mit Blutung&nbsp;1.,Inizi ogni battaglia con Sanguinamento 1.,Inicie cada batalha com sangramento 1.
MUTATION_TEXTURE_703_DESC,Mage abilities are also offered when you level up.,,También se ofrecen habilidades de mago al subir de nivel.,Les compétences de mage vous sont proposées quand vous montez de niveau.,"Wenn du ein Level aufsteigst, befinden sich unter deinen Auswahlmöglichkeiten auch Magierfähigkeiten.",Ti vengono offerte anche le abilità del Mago quando sali di livello.,Habilidades de mago também são oferecidas ao subir de nível.
MUTATION_TEXTURE_704_DESC,Fighter abilities are also offered when you level up.,,También se ofrecen habilidades de luchador al subir de nivel.,Les compétences de pugiliste vous sont proposées quand vous montez de niveau.,"Wenn du ein Level aufsteigst, befinden sich unter deinen Auswahlmöglichkeiten auch Kriegerfähigkeiten.",Ti vengono offerte anche le abilità del Guerriero quando sali di livello.,Habilidades de lutador também são oferecidas ao subir de nível.
MUTATION_TEXTURE_705_DESC,Thief abilities are also offered when you level up.,,También se ofrecen habilidades de ladrón al subir de nivel.,Les compétences de fourbe vous sont proposées quand vous montez de niveau.,"Wenn du ein Level aufsteigst, befinden sich unter deinen Auswahlmöglichkeiten auch Diebesfähigkeiten.",Ti vengono offerte anche le abilità del Ladro quando sali di livello.,Habilidades de ladrão também são oferecidas ao subir de nível.
MUTATION_TEXTURE_706_DESC,10% dodge chance.,,10 % de probabilidad de esquiva.,Chances d'esquive +10&nbsp;%.,10&nbsp;% Ausweichchance.,10% di probabilità di schivata.,+10% de chance de esquiva.
MUTATION_TEXTURE_750_DESC,Units who contact you get Poison 2.,,Inflige 2 de veneno a las unidades que entren en contacto con esta.,Les unités qui vous touchent subissent Poison +2.,"Einheiten, die dich berühren, erleiden Gift&nbsp;2.",Le unità che ti toccano subiscono Veleno 2.,Unidades que entram em contato com você sofrem veneno 2.
